Customer_ID,Customer_Name,Total_Sales,Total_Profit,Orders,Avg_Order_Value
TA-21385,Tom Ashbrook,35668.120800000004,6274.9891,25,1426.724832
GT-14710,Greg Tran,34471.89028,5164.84718,30,1149.0630093333334
TC-20980,Tamara Chand,34218.269,8787.474900000001,28,1222.0810357142857
SM-20320,Sean Miller,31125.29496,-1083.67434,21,1482.1569028571428
BW-11110,Bart Watters,30613.6165,3337.4659,35,874.6747571428572
HL-15040,Hunter Lopez,29664.23058,7657.50178,20,1483.211529
SE-20110,Sanjit Engle,29532.62502,5863.62392,36,820.350695
PS-19045,Penelope Sewall,29252.3194,4426.1951,26,1125.0892076923078
RB-19360,Raymond Buch,29197.634599999998,8523.9515,25,1167.905384
ZC-21910,Zuschuss Carroll,28472.81926,452.5032599999999,37,769.5356556756757
CC-12370,Christopher Conant,28229.8514,3982.9287,30,940.9950466666667
SP-20920,Susan Pistek,28124.21286,6649.62626,28,1004.4361735714285
NF-18385,Natalie Fritzler,28044.3595,1362.2721,32,876.386234375
PF-19120,Peter Fuller,27993.04966,623.4013600000001,28,999.7517735714285
FH-14365,Fred Hopkins,27649.32652,4101.91312,30,921.6442173333332
HM-14860,Harry Marie,27434.1676,6544.886399999999,37,741.4639891891892
BE-11335,Bill Eplett,27158.0184,7790.6963,37,734.0004972972973
AF-10870,Art Ferguson,26487.2585,1736.0717000000002,36,735.7571805555556
DR-12940,Daniel Raglin,25641.46492,5505.92292,33,777.0140884848485
SC-20095,Sanjit Chand,25602.61,8106.2179,28,914.3789285714286
MY-18295,Muhammed Yedwab,25570.49418,2553.67708,29,881.7411786206897
BM-11140,Becky Martin,25312.2927,-1140.6354,29,872.8376793103449
PO-18850,Patrick O'Brill,25274.4702,3249.2777,41,616.4504926829268
EM-13960,Eric Murdock,25228.52948,2593.94148,37,681.8521481081082
KD-16495,Keith Dawkins,24996.5031,5152.9625,36,694.3473083333333
LB-16795,Laurel Beltran,24589.87022,4515.38322,31,793.22162
ME-17320,Maria Etezadi,24527.029,3359.6504999999997,30,817.5676333333333
LA-16780,Laura Armstrong,24273.0019,3754.0198,34,713.9118205882353
AM-10705,Anne McFarland,24218.5645,2728.6451,30,807.2854833333333
JH-15820,John Huston,23586.7205,4829.6727,31,760.8619516129032
BH-11710,Brosina Hoffman,23537.335,3243.9438,31,759.2688709677419
DB-13060,Dave Brooks,23476.91166,3315.62286,26,902.9581407692308
BN-11470,Brad Norvell,23378.10388,1548.04098,29,806.1415131034482
BF-11005,Barry Franz,23347.83866,939.2375600000001,25,933.9135464000001
SW-20755,Steven Ward,23321.579999999998,2295.7056,31,752.3090322580645
KD-16270,Karen Daniels,23204.2675,3914.2347000000004,29,800.1471551724138
TS-21370,Todd Sumrall,23201.678,4101.1514,27,859.3214074074074
JW-15220,Jane Waco,23103.7263,4115.1517,34,679.5213617647058
AB-10105,Adrian Barton,22966.78,6912.6145,33,695.9630303030302
TP-21130,Theone Pippenger,22697.57728,1964.4073799999999,37,613.4480345945947
JL-15835,John Lee,22594.043,1576.537,30,753.1347666666667
VG-21805,Vivek Grady,22573.37116,3906.59616,23,981.45092
KL-16645,Ken Lonsdale,22553.1085,812.6144999999999,28,805.4681607142857
BS-11365,Bill Shonely,22551.02596,5680.72736,26,867.3471523076922
LR-16915,Lena Radford,22434.08756,3604.46196,26,862.8495215384615
SV-20365,Seth Vernon,22376.44748,1964.50168,31,721.8208864516129
BF-11170,Ben Ferrer,22314.84044,3859.22114,31,719.8335625806452
JE-15715,Joe Elijah,22275.2689,3648.0085,36,618.7574694444444
Dp-13240,Dean percer,22225.61032,3822.69412,28,793.7717971428572
DP-13165,David Philippe,22211.28212,1808.31852,25,888.4512847999999
DJ-13420,Denny Joy,22142.43114,3173.13614,28,790.8011121428572
JB-16000,Joy Bell-,22127.18112,2936.37722,32,691.47441
MP-18175,Mike Pelletier,22045.252800000002,455.29570000000007,36,612.3681333333334
JG-15805,John Grady,22015.3862,3393.2201,37,595.0104378378379
SC-20695,Steve Chapman,21931.0435,2516.1646,35,626.6012428571429
JK-16090,Juliana Krohn,21918.73684,3195.37134,33,664.2041466666667
PP-18955,Paul Prost,21884.1846,2902.3920000000003,30,729.4728200000001
CM-12385,Christopher Martinez,21882.96992,3029.96032,25,875.3187968
EM-14140,Eugene Moren,21507.29126,3683.1207600000002,30,716.9097086666667
TB-21400,Tom Boeckenhauer,21375.988,3471.7569000000003,26,822.1533846153847
AS-10225,Alan Schoenberger,21366.8987,2718.6598,28,763.1035250000001
HG-14845,Harry Greene,21228.55452,-824.01028,30,707.6184840000001
MC-17635,Matthew Clasen,21113.5107,3529.4932,34,620.9856088235293
CA-11965,Carol Adams,21110.5214,3382.2603,26,811.9431307692308
PO-18865,Patrick O'Donnell,21051.0598,4698.6391,35,601.4588514285714
SB-20185,Sarah Brown,21034.46172,1445.3581199999999,31,678.5310232258064
RA-19915,Russell Applegate,20975.19342,2078.75772,27,776.8590155555555
GZ-14470,Gary Zandusky,20869.699,2885.9929,35,596.2771142857143
JM-15865,John Murray,20841.946500000002,2234.2469,29,718.6878103448277
JK-15730,Joe Kamberova,20825.892,2283.7603,34,612.5262352941177
BV-11245,Benjamin Venier,20681.678,3415.0464,22,940.0762727272727
MW-18220,Mitch Webber,20592.081299999998,3596.3133000000003,28,735.431475
TS-21610,Troy Staebel,20565.95,1614.1479,30,685.5316666666666
CS-11845,Cari Sayre,20471.0526,3274.9862,26,787.3481769230768
MF-18250,Monica Federle,20425.299600000002,2272.4104,32,638.2906125000001
MM-17920,Michael Moore,20383.654,1824.219,33,617.6864848484848
JF-15295,Jason Fortune-,20382.2503,3263.2953,24,849.2604291666667
AH-10210,Alan Hwang,20365.74018,4139.66078,34,598.9923582352941
SC-20230,Scot Coram,20333.868,2785.051,25,813.3547199999999
MS-17365,Maribeth Schnelling,20317.0067,3300.3221999999996,34,597.5590205882354
EH-13765,Edward Hooks,20259.916,1685.9614,29,698.6177931034483
NM-18445,Nathan Mautz,20223.2359,5095.1568,32,631.976121875
EB-13840,Ellis Ballard,20188.15894,5466.49974,25,807.5263576000001
SS-20140,Saphhira Shifley,20138.603039999998,-1517.7162600000001,32,629.3313449999999
CP-12340,Christine Phan,20109.46928,182.97137999999993,30,670.3156426666667
CS-12460,Chuck Sachs,20084.21728,2801.27258,23,873.2268382608696
GH-14425,Gary Hwang,20039.763,3375.2251,31,646.4439677419355
AB-10015,Aaron Bergman,20037.4975,3719.488,32,626.171796875
YC-21895,Yoseph Carroll,19998.0786,4324.9076,27,740.6695777777778
JG-15160,James Galang,19963.41,4498.9944000000005,32,623.8565625
NZ-18565,Nick Zandusky,19941.69812,2257.84172,26,766.9883892307693
BG-11035,Barry Gonzalez,19899.1474,1749.982,33,603.0044666666668
DM-12955,Dario Medina,19862.57592,2206.2202199999997,32,620.7054975
JW-16075,Julia West,19852.773,2677.4957,25,794.1109200000001
JF-15565,Jill Fjeld,19844.14866,4329.94546,29,684.280988275862
AF-10885,Art Foster,19711.16728,2882.91478,35,563.1762080000001
JE-15745,Joel Eaton,19629.12896,1123.48066,35,560.8322559999999
OT-18730,Olvera Toch,19493.76566,1797.76136,32,609.180176875
CR-12730,Craig Reiter,19487.963760000002,1648.04136,24,811.9984900000001
RW-19540,Rick Wilson,19423.6885,3925.0248,25,776.94754
TC-21295,Toby Carlisle,19391.8981,1263.5488,29,668.6861413793102
CJ-12010,Caroline Jumper,19356.0046,2386.722,26,744.4617153846154
KN-16390,Katherine Nockton,19350.14634,4067.82254,29,667.2464255172414
MR-17545,Mathew Reese,19246.7123,3060.9206,23,836.8135782608696
JS-16030,Joy Smith,19218.81298,-675.44852,32,600.587905625
GK-14620,Grace Kelly,19215.7699,3611.1624,24,800.6570791666667
NH-18610,Nicole Hansen,19181.9263,3867.6129,22,871.9057409090909
DK-13090,Dave Kipp,19178.6392,4004.4357,36,532.7399777777778
SP-20620,Stefania Perrino,19113.6707,242.0535,31,616.5700225806452
GT-14635,Grant Thornton,19080.34784,-3790.08306,20,954.017392
RB-19795,Ross Baird,19056.88134,2323.66214,35,544.482324
NG-18430,Nathan Gelder,18970.41454,3320.69584,28,677.514805
PB-19210,Phillip Breyer,18967.662,2313.681,27,702.506
DP-13105,Dave Poirier,18930.032199999998,3099.9463,25,757.2012879999999
KC-16540,Kelly Collister,18897.130259999998,2343.88016,25,755.8852103999999
JH-15985,Joseph Holt,18863.4044,-182.9318000000001,38,496.40537894736843
RO-19780,Rose O'Brian,18833.4355,710.6858999999998,29,649.4288103448275
JL-15235,Janet Lee,18725.38964,4370.94704,24,780.2245683333334
YS-21880,Yana Sorensen,18703.606,3091.5943,26,719.3694615384616
SB-20290,Sean Braxton,18538.5328,-1776.3133,22,842.6605818181819
DL-13315,Delfina Latchford,18505.6005,2265.2257,27,685.3926111111111
CA-12265,Christina Anderson,18472.6689,3270.72,31,595.8925451612903
BM-11785,Bryan Mills,18446.8529,2036.6848,36,512.4125805555556
TT-21460,Tonja Turnell,18432.013460000002,2390.93536,32,576.0004206250001
TC-21145,Theresa Coyne,18419.94306,2131.00626,25,736.7977224000001
AB-10060,Adam Bellavance,18416.5504,4514.0589,32,575.5172
RB-19330,Randy Bradley,18359.76862,3737.58642,32,573.742769375
CA-12775,Cynthia Arntzen,18350.464,4605.4775,26,705.7870769230769
DK-12895,Dana Kaydos,18340.62916,1080.66276,22,833.6649618181818
BS-11380,Bill Stewart,18305.9783,1776.7021,23,795.9120999999999
CD-11920,Carlos Daly,18296.7474,4751.7303999999995,27,677.6573111111111
JD-16150,Justin Deggeller,18281.84948,1430.44888,28,652.9231957142857
JH-16180,Justin Hirsh,18267.0064,2588.2794,31,589.2582709677419
PS-18970,Paul Stevenson,18222.40482,2205.4257199999997,33,552.1940854545454
QJ-19255,Quincy Jones,18192.9231,2407.6019,23,790.9966565217392
AG-10900,Arthur Gainer,18174.17176,1879.7671599999999,29,626.6955779310346
KH-16690,Kristen Hastings,18158.4601,2367.4902,39,465.60154102564104
MG-18145,Mike Gockenbach,18147.9582,4668.1622,24,756.164925
AH-10075,Adam Hart,18109.86142,986.04342,34,532.6429829411765
CB-12535,Claudia Bergmann,18108.67284,2401.90744,27,670.6915866666667
DV-13045,Darrin Van Huff,18106.01292,599.18592,24,754.4172050000001
JJ-15760,Joel Jenkins,18103.64108,1755.59028,28,646.55861
VT-21700,Valerie Takahito,18099.3061,912.2112000000001,25,723.972244
ED-13885,Emily Ducich,18018.879,2933.2625,31,581.2541612903226
GD-14590,Giulietta Dortch,18005.0006,1826.5178999999998,29,620.8620896551724
CL-12700,Craig Leslie,17943.6508,2563.4447,31,578.8274451612903
MW-18235,Mitch Willingham,17933.0609,-180.2390999999999,24,747.2108708333334
CM-12160,Charles McCrossin,17910.03942,432.55682,26,688.84767
AD-10180,Alan Dominguez,17858.5048,2050.7542,27,661.4261037037037
IM-15070,Irene Maddox,17854.10112,-567.6301800000001,27,661.2630044444444
JC-15340,Jasper Cacioppo,17836.2846,239.2860000000001,29,615.0442965517241
ON-18715,Odella Nelson,17763.94824,3779.16924,33,538.3014618181819
SC-20305,Sean Christensen,17696.722,675.4287,26,680.643153846154
AA-10480,Andrew Allen,17695.58978,1516.4751800000001,20,884.7794889999999
PK-19075,Pete Kriz,17668.910499999998,2170.2641,29,609.2727758620689
BE-11455,Brad Eason,17643.5253,517.9141,27,653.4639000000001
CL-11890,Carl Ludwig,17622.41136,-247.73794000000007,31,568.464882580645
TS-21505,Tony Sayre,17613.4163,2306.8402,27,652.3487518518518
DK-12835,Damala Kotsonis,17590.5547,2632.1875,32,549.704834375
BS-11755,Bruce Stewart,17557.4595,1194.7291,29,605.4296379310346
BS-11665,Brian Stugart,17468.881,3112.1578,24,727.8700416666667
KA-16525,Kelly Andreada,17449.90012,1299.9135199999998,35,498.56857485714283
EH-14125,Eugene Hildebrand,17408.31362,2105.89082,31,561.5585038709678
MS-17770,Maxwell Schwartz,17382.93504,2685.67544,36,482.85930666666667
CR-12625,Corey Roper,17271.20568,1478.57508,28,616.8287742857143
LT-16765,Larry Tron,17253.78294,3948.6629399999997,30,575.1260980000001
MP-17965,Michael Paige,17228.4977,1455.212,39,441.7563512820513
SR-20740,Steven Roelle,17220.18,4096.0884,33,521.8236363636364
HW-14935,Helen Wasserman,17199.202,2653.6991,28,614.2572142857143
RB-19465,Rick Bensley,17178.4394,2769.65,36,477.1788722222222
CC-12475,Cindy Chapman,17159.80046,3120.16346,30,571.9933486666666
JA-15970,Joseph Airdo,17105.4707,688.973,25,684.218828
EM-14200,Evan Minnotte,17087.77766,3138.33776,23,742.9468547826087
JF-15190,Jamie Frazer,17064.7075,4108.5474,28,609.4538392857143
LC-16885,Lena Creighton,17058.8144,1325.4753,29,588.2349793103448
DM-13345,Denise Monton,17054.8905,2876.8071,27,631.6626111111111
CL-12565,Clay Ludtke,17008.13588,614.58298,30,566.9378626666668
JK-15325,Jason Klamczynski,17000.84332,2059.35902,28,607.1729757142857
TS-21340,Toby Swindell,16997.02948,2377.11858,31,548.2912735483872
FW-14395,Fred Wasserman,16972.7481,1651.7594000000001,26,652.7980038461538
VP-21760,Victoria Pisteka,16935.5635,2016.1507,28,604.8415535714286
NC-18625,Noah Childs,16901.51758,2229.91458,29,582.8109510344827
CM-11830,Cari MacIntyre,16828.819,2444.699,24,701.2007916666666
CC-12610,Corey Catlett,16822.64,2950.1929999999998,29,580.0910344827586
RA-19285,Ralph Arnett,16816.427,4132.8992,24,700.6844583333333
SC-20050,Sample Company A,16813.21902,-340.42867999999993,30,560.440634
HG-14965,Henry Goldwyn,16810.6866,-1607.2489,34,494.43195882352944
SD-20485,Shirley Daniels,16802.0649,3430.9181,32,525.064528125
DL-13330,Denise Leinenbach,16781.631,2652.7522,34,493.5773823529412
CD-12280,Christina DeMoss,16779.54838,2367.38178,24,699.1478491666667
PO-19180,Philisse Overcash,16753.1715,2556.7416,24,698.0488125
HD-14785,Harold Dahlen,16749.140199999998,1803.1442,29,577.5565586206895
AM-10360,Alice McCarthy,16730.3296,2748.4754,33,506.97968484848485
MB-17305,Maria Bertelson,16729.34532,3481.40832,27,619.6053822222223
TB-21520,Tracy Blumstein,16716.76172,-198.08938000000018,34,491.66946235294114
JD-15895,Jonathan Doherty,16711.32422,1430.54702,32,522.228881875
CS-12175,Charles Sheldon,16706.0963,3114.0088,29,576.0722862068966
WB-21850,William Brown,16704.6612,2694.5003,38,439.596347368421
TB-21175,Thomas Boland,16573.5984,2111.0459,27,613.8369777777777
EG-13900,Emily Grady,16562.35068,3360.54628,21,788.6833657142857
BE-11410,Bobby Elias,16552.06996,3398.09706,30,551.7356653333334
RD-19480,Rick Duston,16487.1909,3316.9349,27,610.6367
CK-12595,Clytie Kelty,16480.86618,2175.84598,33,499.4201872727273
MD-17350,Maribeth Dona,16455.32732,1040.95532,30,548.5109106666666
JP-15520,Jeremy Pistek,16429.04996,2854.74616,26,631.886536923077
KM-16375,Katherine Murray,16394.46064,1194.45484,28,585.5164514285715
KB-16585,Ken Black,16385.749499999998,1398.2126,27,606.879611111111
MG-18205,Mitch Gastineau,16362.8956,1540.2313,29,564.2377793103449
DW-13480,Dianna Wilson,16336.8556,3315.6932,23,710.2980695652175
RD-19585,Rob Dowd,16315.107899999999,2450.5697,31,526.2938032258064
JM-15655,Jim Mitchum,16294.727060000001,1190.0740600000001,34,479.25667823529415
KN-16450,Kean Nguyen,16294.6981,2512.5944,26,626.7191576923077
EP-13915,Emily Phan,16283.35774,2159.58474,33,493.435083030303
AH-10690,Anna Häberlin,16276.16112,2795.84372,31,525.037455483871
DK-13375,Dennis Kane,16258.534,2159.7979,26,625.3282307692308
GW-14605,Giulietta Weimer,16239.4915,934.7202,25,649.57966
ES-14080,Erin Smith,16236.0058,1925.1879000000001,24,676.5002416666667
MG-17695,Maureen Gnade,16221.6268,760.9116000000001,25,648.865072
MS-17980,Michael Stewart,16210.5722,834.6122,27,600.391562962963
AS-10285,Alejandro Savely,16179.86246,1794.86406,30,539.3287486666667
DC-13285,Debra Catini,16164.6499,1043.3901,23,702.8108652173913
AC-10450,Amy Cox,16126.3904,4105.6042,19,848.7573894736843
SC-20380,Shahid Collister,16122.72424,1282.24974,37,435.7493037837838
LR-17035,Lisa Ryan,16118.9722,2165.6983,26,619.9604692307693
RP-19390,Resi Pölking,16114.907500000001,-452.0762,34,473.9678676470589
DB-13405,Denny Blanton,16083.95666,1988.81386,26,618.6137176923077
RM-19375,Raymond Messe,16077.68112,1331.50702,25,643.1072448
MG-17680,Maureen Gastineau,16061.6441,892.4347,28,573.6301464285714
PF-19165,Philip Fox,16018.8427,1486.3465999999999,36,444.96785277777775
DK-13150,David Kendrick,15983.711,2064.7237,22,726.5323181818181
PS-18760,Pamela Stobb,15926.5494,1485.3094,28,568.8053357142857
AP-10915,Arthur Prichep,15877.8603,2420.1056,32,496.183134375
DL-13495,Dionis Lloyd,15872.184000000001,2474.764,27,587.8586666666667
HA-14905,Helen Abelman,15826.81444,-526.0681599999999,24,659.4506016666667
BB-11545,Brenda Bowman,15797.57188,1686.65888,26,607.5989184615385
VW-21775,Victoria Wilson,15785.3774,41.89490000000008,30,526.1792466666667
GM-14440,Gary McGarr,15782.46188,1431.2778799999999,26,607.0177646153846
SS-20410,Shahid Shariari,15759.48198,-187.11881999999991,27,583.6845177777778
KT-16465,Kean Takahito,15725.0362,589.5894000000001,32,491.40738125
MM-17260,Magdelene Morse,15713.71812,3160.30712,26,604.3737738461539
TT-21070,Ted Trevino,15673.063900000001,1698.3986,31,505.5827064516129
DM-13015,Darrin Martin,15626.5318,1530.8618999999999,30,520.8843933333334
SA-20830,Sue Ann Reed,15622.37866,1411.24676,30,520.7459553333333
FO-14305,Frank Olsen,15614.2155,2567.1144,37,422.00582432432435
LP-17095,Liz Preis,15598.1516,2003.3279999999997,26,599.9289076923077
JM-15250,Janet Martin,15594.46182,2152.6733200000003,24,649.7692425
MV-18190,Mike Vittorini,15577.035600000001,1178.6598,30,519.2345200000001
MD-17860,Michael Dominguez,15575.64874,1596.30844,28,556.2731692857143
SW-20275,Scott Williamson,15564.966699999999,884.9291999999999,33,471.66565757575756
SO-20335,Sean O'Donnell,15534.94692,2389.6256200000003,27,575.3684044444444
RA-19885,Ruben Ausman,15435.49908,3419.96068,23,671.1086556521739
DJ-13510,Don Jones,15420.2879,2695.862,31,497.4286419354838
AG-10495,Andrew Gjertsen,15380.31006,2749.0618600000003,29,530.3555193103448
BP-11185,Ben Peterman,15376.031719999999,1989.48982,28,549.1439899999999
AP-10720,Anne Pryor,15362.0613,2937.4661,20,768.103065
MJ-17740,Max Jones,15347.655,2054.6619,26,590.2944230769231
AA-10645,Anna Andreadi,15343.8907,3051.439,36,426.2191861111111
KH-16510,Keith Herrera,15340.396,1713.8032,26,590.0152307692308
NW-18400,Natalie Webber,15326.833059999999,2085.49206,26,589.4935792307692
KW-16435,Katrina Willman,15319.9656,3026.0406000000003,23,666.0854608695652
AR-10825,Anthony Rawles,15311.035600000001,2828.1048,38,402.9219894736842
DO-13435,Denny Ordway,15280.8855,3207.4254,32,477.527671875
LS-17200,Luke Schmidt,15258.74122,1756.44222,24,635.7808841666666
SV-20935,Susan Vittorini,15197.6927,1000.1729,28,542.7747392857143
SZ-20035,Sam Zeldin,15192.376,2785.2273,37,410.6047567567568
AJ-10780,Anthony Jacobs,15186.0672,1784.2462,25,607.442688
KF-16285,Karen Ferguson,15164.8685,2976.3911,21,722.1365952380953
RF-19840,Roy Französisch,15077.47568,3052.16978,31,486.37018322580644
MC-17425,Mark Cousins,15055.40518,3980.55748,30,501.8468393333333
KH-16330,Katharine Harms,15045.6445,3205.8576000000003,26,578.6786346153847
JM-15265,Janet Molinari,15036.5537,2623.992,29,518.501851724138
AS-10090,Adam Shillingsburg,15009.47272,1344.96012,32,469.0460225
RR-19525,Rick Reed,15009.2866,-99.1628,27,555.8995037037037
ML-17410,Maris LaWare,14981.7043,1338.5888,30,499.3901433333333
MC-17845,Michael Chen,14947.88402,1064.30742,31,482.1898070967742
BM-11650,Brian Moss,14920.99608,3927.16918,24,621.70817
RL-19615,Rob Lucas,14866.82448,2337.14288,23,646.3836730434782
NS-18640,Noel Staavos,14866.087,1116.0526,37,401.7861351351351
NS-18505,Neola Schneider,14834.28974,479.10274,25,593.3715896
DK-12985,Darren Koutras,14823.9685,1366.8047,35,423.54195714285714
BC-11125,Becky Castell,14789.447,2755.6784000000002,28,528.1945357142857
VD-21670,Valerie Dominguez,14754.8714,2243.6648,21,702.6129238095239
MB-18085,Mick Brown,14744.230880000001,2236.30558,30,491.4743626666667
HG-15025,Hunter Glantz,14737.8066,1357.6439,29,508.2002275862069
MY-17380,Maribeth Yedwab,14724.1472,2926.3333000000002,28,525.8624
JF-15415,Jennifer Ferguson,14717.46588,1396.64548,23,639.8898208695653
SJ-20215,Sarah Jordon,14709.69868,2332.80898,32,459.67808375
GH-14485,Gene Hale,14692.6742,2200.7504000000004,21,699.6511523809523
BG-11740,Bruce Geld,14689.342499999999,2084.9244,24,612.0559374999999
ML-18265,Muhammed Lee,14674.00116,2037.58396,26,564.3846599999999
CM-12115,Chad McGuire,14657.9493,2164.8172,20,732.897465
PG-18820,Patrick Gardner,14635.9446,1626.9189000000001,35,418.1698457142857
TZ-21445,Tom Zandusky,14601.6714,116.72140000000002,28,521.4882642857143
SV-20815,Stuart Van,14575.50118,1515.8113799999999,24,607.3125491666666
GM-14695,Greg Maxwell,14564.942000000001,-71.2805000000001,19,766.5758947368422
KB-16315,Karl Braun,14542.76228,1420.08758,29,501.4745613793104
AO-10810,Anthony O'Donnell,14537.7966,1028.3926000000001,27,538.436911111111
AG-10330,Alex Grayson,14534.50618,929.46708,29,501.18986827586207
ML-17395,Marina Lichtenstein,14507.07948,1141.97268,25,580.2831792000001
SC-20770,Stewart Carmichael,14495.11408,445.74968000000007,32,452.972315
CR-12820,Cyra Reiten,14470.55056,3391.18846,24,602.9396066666667
MZ-17335,Maria Zettner,14463.9343,1794.5974,26,556.3051653846154
MG-17875,Michael Grace,14452.82062,-133.48077999999987,33,437.96426121212124
AH-10030,Aaron Hawkins,14439.49784,2601.43304,27,534.7962162962963
ML-17755,Max Ludwig,14425.1044,1577.4216000000001,28,515.1823
DR-12880,Dan Reichenbach,14415.3383,2112.6456,32,450.479321875
FM-14290,Frank Merwin,14382.319220000001,2191.58072,30,479.4106406666667
SL-20155,Sara Luxemburg,14380.691,1244.1905000000002,32,449.39659375
CM-11815,Candace McMahon,14362.8004,-2881.6445999999996,23,624.4695826086956
FM-14215,Filia McAdams,14353.3978,1000.9706,31,463.0128322580645
JS-15685,Jim Sink,14338.5195,1848.0463,26,551.4815192307692
HJ-14875,Heather Jas,14312.7962,2324.021,32,447.27488125
MC-17575,Matt Collins,14281.65306,966.0293600000001,33,432.7773654545455
AR-10510,Andrew Roberts,14277.88536,3518.96086,29,492.34087448275864
SV-20785,Stewart Visinsky,14262.9351,1921.9373,27,528.2568555555556
PL-18925,Paul Lucas,14256.7186,1782.9749,20,712.83593
CS-11950,Carlos Soltero,14222.97134,-1148.07796,31,458.8055270967742
CM-12655,Corinna Mitchell,14188.72268,-733.9564199999999,18,788.2623711111112
CP-12085,Cathy Prescott,14183.8819,620.3837,23,616.6905173913044
AR-10345,Alex Russell,14165.796199999999,1683.9278,26,544.8383153846154
TM-21010,Tamara Manning,14158.9626,2198.6379,27,524.4060222222223
DH-13075,Dave Hallsten,14128.6781,1370.5765000000001,25,565.147124
EM-13825,Elizabeth Moffitt,14128.078160000001,2018.14436,26,543.3876215384615
BT-11680,Brian Thompson,14087.7631,1663.9095,22,640.3528681818182
ST-20530,Shui Tom,14064.01106,2074.5629599999997,32,439.500345625
LH-17155,Logan Haushalter,14063.4898,749.0709999999999,29,484.947924137931
RS-19420,Ricardo Sperren,14047.14948,1771.03088,28,501.68391
KM-16720,Kunst Miller,14041.02,1637.1664999999998,23,610.4791304347826
NP-18700,Nora Preis,14036.4335,609.6891999999999,27,519.8679074074074
CC-12430,Chuck Clark,13997.592560000001,2779.92086,29,482.6756055172414
SC-20725,Steven Cartwright,13975.42408,1874.82538,30,465.8474693333334
TG-21640,Trudy Glocke,13973.7773,1989.9868,33,423.447796969697
PG-18895,Paul Gonzalez,13941.6862,1270.0985,28,497.9173642857143
TW-21025,Tamara Willingham,13931.8966,3412.9511,27,515.9961703703704
CY-12745,Craig Yedwab,13928.4683,1721.259,31,449.3054290322581
TM-21490,Tony Molinari,13908.8563,2378.5193,27,515.1428259259259
NC-18340,Nat Carroll,13905.34712,-996.23938,22,632.0612327272728
TS-21205,Thomas Seio,13888.62492,2350.44262,32,434.01952875
HK-14890,Heather Kirkland,13886.4431,2306.9442,27,514.3127074074074
DP-13000,Darren Powers,13882.7624,-949.6012,31,447.8310451612903
JB-16045,Julia Barnett,13851.27568,778.6291800000001,24,577.1364866666667
MT-17815,Meg Tillman,13845.5188,1294.9966,27,512.7969925925926
BT-11530,Bradley Talbott,13808.318,930.8343,25,552.33272
KB-16405,Katrina Bavinger,13786.0925,723.9984999999999,28,492.36044642857144
AA-10315,Alex Avila,13747.413,447.69049999999993,19,723.548052631579
DB-13210,Dean Braden,13743.5959,1479.9668,27,509.0220703703704
HH-15010,Hilary Holden,13731.73782,2109.31402,24,572.1557425
DG-13300,Deirdre Greer,13731.428,2067.2561,28,490.4081428571429
RP-19270,Rachel Payne,13725.5769,1507.9101,26,527.9068038461538
MH-17290,Marc Harrigan,13718.69666,1950.61286,25,548.7478664
CT-11995,Carol Triggs,13715.79704,2509.39534,27,507.9924829629629
MO-17800,Meg O'Connel,13709.1228,2638.8095,25,548.364912
VM-21685,Valerie Mitchum,13708.12232,-1550.83678,32,428.3788225
BP-11155,Becky Pak,13696.143460000001,3395.30716,24,570.6726441666667
TH-21100,Thea Hendricks,13684.8726,1587.7861,27,506.8471333333334
TB-21055,Ted Butterfield,13671.71072,1026.21102,29,471.43830068965514
EB-14110,Eugene Barchas,13665.4673,3285.6169,24,569.3944708333333
GH-14410,Gary Hansen,13659.59598,47.465479999999985,36,379.43322166666667
AT-10435,Alyssa Tate,13654.3055,3016.8983000000003,24,568.9293958333334
PJ-18835,Patrick Jones,13639.502,4889.2675,19,717.8685263157895
CK-12205,Chloris Kastensmidt,13625.20784,1311.20594,38,358.55810105263157
RS-19765,Roland Schwarz,13582.12128,3046.31638,25,543.2848511999999
SW-20245,Scot Wooten,13576.68382,1622.76962,26,522.1801469230769
FH-14275,Frank Hawley,13569.566,3539.4216,23,589.9811304347826
EM-13810,Eleni McCrary,13549.72804,1664.80054,23,589.1186104347826
SH-20635,Stefanie Holloman,13546.7458,1848.3096,25,541.869832
CG-12520,Claire Gute,13545.47002,2398.13442,18,752.5261122222223
FA-14230,Frank Atkinson,13535.0628,1245.2617,29,466.72630344827587
KC-16675,Kimberly Carter,13531.28104,2265.91074,23,588.3165669565217
JL-15175,James Lanier,13499.87246,1268.03116,27,499.9952762962963
RD-19900,Ruben Dartt,13485.748,2475.0832,29,465.0257931034483
TH-21115,Thea Hudgings,13483.62368,1775.33778,25,539.3449472
RK-19300,Ralph Kennedy,13480.92458,-1673.56942,26,518.4970992307692
SC-20680,Steve Carroll,13477.05528,1165.43308,31,434.7437187096774
CD-12790,Cynthia Delaney,13468.1145,2080.4847,25,538.72458
DS-13180,David Smith,13447.412,1669.7884999999999,31,433.7874838709678
EB-13975,Erica Bern,13405.6013,2653.5444,32,418.925040625
ER-13855,Elpida Rittenbach,13396.0,2212.0922,19,705.0526315789474
RF-19345,Randy Ferguson,13391.2718,2277.379,27,495.97302962962965
BD-11320,Bill Donatelli,13390.267,1409.6197,32,418.44584375
MZ-17515,Mary Zewe,13383.976840000001,1454.62114,25,535.3590736000001
MF-17665,Maureen Fritzler,13366.53134,1417.46584,29,460.9148737931034
LD-16855,Lela Donovan,13361.93258,1813.19268,30,445.3977526666667
JR-15670,Jim Radford,13338.0916,-1185.9909,20,666.90458
MS-17530,MaryBeth Skach,13335.04236,2150.45316,25,533.4016944
AB-10600,Ann Blume,13318.6631,905.3607,22,605.3937772727272
JM-15580,Jill Matthias,13295.857,1540.2094,24,553.9940416666667
RH-19495,Rick Hansen,13295.7486,1457.3802999999998,28,474.8481642857143
BK-11260,Berenike Kampe,13294.68736,2389.45496,27,492.39582814814815
TB-21625,Trudy Brown,13266.1971,1867.5211,31,427.94184193548386
PR-18880,Patrick Ryan,13243.62082,1362.8254200000001,29,456.67658
TT-21220,Thomas Thornton,13224.56416,1188.82726,22,601.1165527272727
MK-17905,Michael Kennedy,13202.4489,-139.19499999999994,31,425.88544838709674
AW-10840,Anthony Witt,13200.25552,1444.83202,25,528.0102208000001
JE-15610,Jim Epp,13192.6924,1780.0783000000001,26,507.41124615384615
DW-13540,Don Weiss,13166.414999999999,1471.8722,20,658.32075
MG-17890,Michael Granlund,13162.2489,-977.2979,29,453.87065172413793
JK-16120,Julie Kriz,13134.71664,1594.49924,26,505.18140923076925
LC-17140,Logan Currie,13128.24376,1454.40696,30,437.6081253333333
DN-13690,Duane Noonan,13098.338,711.4184999999999,24,545.7640833333334
BD-11500,Bradley Drucker,13089.8495,2412.359,27,484.80924074074073
JB-15400,Jennifer Braxton,13085.5039,1992.2621,34,384.86776176470585
AB-10150,Aimee Bixby,13057.294600000001,2064.2143,24,544.0539416666667
DA-13450,Dianna Arnett,13035.368260000001,-826.07134,25,521.4147304
AG-10675,Anna Gayman,13023.836000000001,680.7906999999999,21,620.1826666666667
SF-20200,Sarah Foster,13019.6294,2214.168,28,464.9867642857143
MC-17605,Matt Connell,13019.2019,1296.2884999999999,26,500.7385346153846
AG-10300,Aleksandra Gannaway,13013.8762,1845.7666,24,542.2448416666667
SP-20860,Sung Pak,12994.59246,1688.54506,26,499.7920176923077
LT-17110,Liz Thompson,12986.77316,1382.28416,26,499.4912753846154
AT-10735,Annie Thurman,12984.1049,2516.7079,29,447.7277551724138
JC-15385,Jenna Caffey,12978.930919999999,2086.79732,25,519.1572368
BF-11215,Benjamin Farhat,12968.9385,878.9097999999999,27,480.33105555555557
SB-20170,Sarah Bern,12950.934,2342.8998,15,863.3956
RD-19660,Robert Dilbeck,12947.9651,3171.6951,21,616.5697666666666
LC-17050,Liz Carlisle,12933.87382,1150.04782,23,562.34234
SJ-20500,Shirley Jackson,12930.791,1547.2313,26,497.3381153846154
MP-17470,Mark Packer,12928.8028,2231.3581,28,461.7429571428571
KE-16420,Katrina Edelman,12928.68672,1186.15542,31,417.0544103225806
GH-14665,Greg Hansen,12921.45162,1877.94062,29,445.5672972413793
CW-11905,Carl Weiss,12917.6316,2635.8494,25,516.705264
DV-13465,Dianna Vittorini,12910.87688,2167.68258,20,645.543844
JL-15130,Jack Lebron,12908.49914,967.8775400000001,28,461.0178264285714
GG-14650,Greg Guthrie,12902.96276,1491.59126,28,460.82009857142856
TH-21235,Tiffany House,12896.252,1106.72,26,496.0096923076923
PM-18940,Paul MacIntyre,12893.5944,926.3291999999999,23,560.5910608695652
MN-17935,Michael Nguyen,12870.93412,1517.15082,21,612.9016247619047
LF-17185,Luke Foster,12864.7205,-3700.1955000000003,22,584.7600227272727
SH-20395,Shahid Hopkins,12849.17384,1112.06294,33,389.3689042424242
NP-18670,Nora Paige,12839.01426,2741.60246,19,675.737592631579
ES-14020,Erica Smith,12827.272939999999,2761.38844,32,400.85227937499997
PW-19030,Pauline Webber,12810.05846,2322.39936,31,413.2276922580645
TH-21550,Tracy Hopkins,12808.9063,-709.5375000000001,26,492.65024230769234
JG-15115,Jack Garza,12801.82588,1161.64098,19,673.7803094736843
EH-14185,Evan Henry,12800.51382,1241.8905200000002,29,441.39702827586206
CC-12685,Craig Carroll,12798.5442,693.6283,20,639.9272100000001
JK-15625,Jim Karlsson,12754.4081,2805.6486,27,472.3854851851852
SN-20560,Skye Norling,12738.710000000001,-2527.1245000000004,25,509.5484
JG-15310,Jason Gross,12733.7039,2095.9115,24,530.5709958333333
AC-10615,Ann Chong,12729.72448,1160.67578,29,438.9560165517242
SR-20425,Sharelle Roach,12721.24894,-2544.72646,19,669.5394178947369
HM-14980,Henry MacAllister,12718.7916,1044.7111,29,438.5790206896552
MG-17650,Matthew Grinstein,12717.26968,2178.17168,21,605.5842704761905
CB-12415,Christy Brittain,12705.54736,2271.89566,23,552.4151026086956
SN-20710,Steve Nguyen,12703.94056,2295.45126,24,529.3308566666666
LB-16735,Larry Blacks,12686.03922,1566.24192,29,437.4496282758621
JK-15640,Jim Kriz,12637.4495,2651.1058000000003,26,486.05575000000005
AH-10195,Alan Haines,12628.19178,158.90887999999995,25,505.12767119999995
AS-10045,Aaron Smayling,12596.2944,660.9177999999999,28,449.8676571428572
JR-16210,Justin Ritter,12589.959,1221.946,21,599.5218571428571
BP-11230,Benjamin Patterson,12573.6136,467.92410000000024,23,546.678852173913
DJ-13630,Doug Jacobs,12560.130000000001,2205.8764,27,465.19000000000005
PV-18985,Paul Van Hugh,12540.661,2531.1434,28,447.88075
CJ-11875,Carl Jackson,12538.83296,1857.24496,23,545.1666504347826
JH-15910,Jonathan Howell,12532.7177,1635.3962000000001,32,391.647428125
CS-12250,Chris Selesnick,12496.1053,2210.8319,30,416.5368433333333
GA-14515,George Ashbrook,12488.67232,1108.47532,24,520.3613466666667
BP-11290,Beth Paige,12448.89978,1858.82908,29,429.27240620689656
TP-21565,Tracy Poddar,12429.8013,1650.49,30,414.32671
EB-13705,Ed Braxton,12382.284099999999,894.0075999999999,30,412.7428033333333
BO-11425,Bobby Odegard,12356.58552,1904.89772,21,588.4088342857143
KD-16615,Ken Dana,12348.44362,1720.54552,24,514.5184841666667
DB-12910,Daniel Byrd,12338.2837,781.9895,27,456.97347037037036
NM-18520,Neoma Murray,12328.606,2631.0495,27,456.61503703703704
JB-15925,Joni Blumstein,12325.28696,1649.1341599999998,19,648.6993136842106
EJ-14155,Eva Jacobs,12324.8446,1975.1191,23,535.8628086956522
TG-21310,Toby Gnade,12305.231600000001,2742.92,32,384.53848750000003
Co-12640,Corey-Lock,12279.23076,1295.1629599999999,25,491.1692304
CC-12145,Charles Crestani,12190.6666,1471.9290999999998,24,507.9444416666667
SS-20590,Sonia Sunley,12181.4264,2015.9465,26,468.51640000000003
DW-13585,Dorothy Wardle,12143.0436,821.8130000000001,37,328.1903675675676
RF-19735,Roland Fjeld,12139.0877,824.7584999999999,23,527.7864217391304
EM-14065,Erin Mull,12108.30958,3017.73418,17,712.2535047058823
LH-16900,Lena Hernandez,12098.37728,995.39798,29,417.18542344827586
DO-13645,Doug O'Connell,12083.48092,1997.83252,25,483.3392368
PB-18805,Patrick Bzostek,12075.39774,1479.57744,19,635.5472494736842
RE-19405,Ricardo Emerson,12073.09218,2356.00718,21,574.9091514285714
KL-16555,Kelly Lampkin,12064.3877,580.9184,26,464.0149115384615
ND-18460,Neil Ducich,12061.44172,2197.4235200000003,22,548.247350909091
MH-18115,Mick Hernandez,12017.105,1250.6666,26,462.19634615384615
GM-14680,Greg Matthias,12010.60944,-1804.82206,31,387.4390141935484
VF-21715,Vicky Freymann,12000.133,21.390999999999924,24,500.00554166666666
CM-12445,Chuck Magee,11971.70808,1188.12768,25,478.8683232
PF-19225,Phillip Flathmann,11915.1997,1613.6235,30,397.1733233333333
Dl-13600,Dorris liebe,11912.7634,1722.9402,20,595.63817
BW-11200,Ben Wallace,11862.36908,1567.88038,29,409.0472096551724
CD-11980,Carol Darley,11848.16246,1648.43926,23,515.1374982608695
TB-21250,Tim Brockman,11830.0907,2409.6902,28,422.5032392857143
LC-16960,Lindsay Castell,11812.0975,1365.9817,22,536.9135227272727
JH-15430,Jennifer Halladay,11806.1963,1477.1982,31,380.84504193548383
IL-15100,Ivan Liston,11802.69376,1244.23476,25,472.1077504
MS-17830,Melanie Seite,11783.3973,1765.3905,26,453.2075884615385
NP-18325,Naresj Patel,11778.491,1772.79,25,471.13964
RR-19315,Ralph Ritter,11765.04038,2304.38338,21,560.2400180952382
MH-18025,Michelle Huthwaite,11753.7025,1010.9377,19,618.6159210526315
RA-19945,Ryan Akin,11696.0283,678.9608,23,508.5229695652174
DB-13270,Deborah Brumfield,11690.3695,1420.4588999999999,25,467.61478000000005
CB-12025,Cassandra Brandow,11685.3186,-98.73150000000001,25,467.41274400000003
MC-17275,Marc Crier,11680.0495,1463.0789,34,343.5308676470588
MH-17785,Maya Herman,11676.13204,1185.0254400000001,26,449.08200153846155
LC-16930,Linda Cazamias,11660.69496,1932.34496,26,448.4882676923077
GB-14530,George Bell,11657.753,560.6201000000001,25,466.31012000000004
AB-10165,Alan Barnes,11649.265,2329.47,29,401.6987931034483
DS-13030,Darrin Sayre,11644.2965,1068.3454,26,447.8575576923077
VP-21730,Victor Preis,11629.269,2741.2058,29,401.009275862069
RB-19435,Richard Bierner,11618.07552,605.4394199999999,28,414.9312685714286
RH-19510,Rick Huthwaite,11599.392960000001,1800.99646,25,463.97571840000006
GZ-14545,George Zrebassa,11593.7308,2645.2998000000002,24,483.07211666666666
SM-20950,Suzanne McNair,11552.77814,1009.44034,29,398.37166
CS-12505,Cindy Stewart,11535.2464,-6437.3681,16,720.9529
CC-12100,Chad Cunningham,11500.12324,2384.25944,25,460.0049296
NK-18490,Neil Knudson,11483.193,2309.4927,24,478.46637499999997
LD-17005,Lisa DeCherney,11461.65464,1252.64204,27,424.50572740740745
DB-13660,Duane Benoit,11397.064840000001,1267.33634,20,569.853242
EA-14035,Erin Ashbrook,11387.06772,867.1721200000001,31,367.3247651612903
CM-12235,Chris McAfee,11377.591,1953.9977000000001,22,517.1632272727273
CM-12190,Charlotte Melton,11375.05222,598.4815199999999,25,455.00208879999997
PN-18775,Parhena Norris,11370.46522,1729.75282,33,344.5595521212121
DL-12925,Daniel Lacy,11364.6808,1411.794,21,541.1752761904762
NP-18685,Nora Pelletier,11363.4332,308.2669,30,378.78110666666663
BS-11590,Brendan Sweed,11358.58602,1783.45872,23,493.85156608695655
MC-18100,Mick Crebagga,11353.7466,130.70980000000006,33,344.0529272727273
BT-11395,Bill Tyler,11347.529,2743.9623,24,472.81370833333335
SC-20800,Stuart Calhoun,11321.2786,1354.1978000000001,24,471.71994166666667
LL-16840,Lauren Leatherbury,11287.78406,264.59786,26,434.14554076923076
SG-20890,Susan Gilcrest,11260.30386,240.30055999999993,22,511.8319936363636
LO-17170,Lori Olson,11256.3236,2319.7048,28,402.01155714285716
BD-11635,Brian Derr,11230.6983,1303.6163,25,449.227932
RW-19690,Robert Waldorf,11200.142,2312.2563,25,448.00568
XP-21865,Xylona Preis,11187.1526,1239.5746,27,414.33898518518515
DL-12865,Dan Lawera,11185.7181,280.3310000000001,34,328.9917088235294
MM-18055,Michelle Moray,11163.587,1901.2817,25,446.54348
KD-16345,Katherine Ducich,11157.0404,2363.1306,15,743.8026933333333
RM-19675,Robert Marley,11151.9605,2810.5083,19,586.9452894736842
HR-14770,Hallie Redmond,11126.929,1182.9004,18,618.1627222222222
CH-12070,Cathy Hwang,11122.55656,1493.42166,21,529.6455504761905
CS-12490,Cindy Schnelling,11110.4965,-422.25810000000007,30,370.3498833333333
AJ-10945,Ashley Jarboe,11087.024,1567.6392,29,382.3111724137931
JC-16105,Julie Creighton,11079.10488,712.31408,28,395.6823171428572
NC-18535,Nick Crebassa,11054.378,1414.977,22,502.4717272727273
RP-19855,Roy Phan,11043.0844,428.40520000000004,27,409.00312592592593
MH-17620,Matt Hagelstein,11038.31378,106.88497999999994,20,551.915689
NR-18550,Nick Radford,10993.42058,1206.92478,26,422.82386846153844
CS-12130,Chad Sievert,10981.231,641.4549,22,499.1468636363636
RB-19570,Rob Beeghly,10961.631,1646.1128999999999,25,438.46524
SK-19990,Sally Knutson,10932.97152,2320.05582,19,575.4195536842104
TP-21415,Tom Prescott,10926.72382,-120.96077999999996,22,496.6692645454545
MT-18070,Michelle Tran,10920.3999,1203.5738000000001,24,455.0166625
JK-15205,Jamie Kunitz,10917.0012,2359.5622,24,454.87505000000004
JP-15460,Jennifer Patt,10916.36982,1639.94132,26,419.8603776923077
ND-18370,Natalie DeCherney,10913.15082,1970.27732,23,474.4848182608696
RD-19720,Roger Demir,10902.5255,1897.1189,30,363.41751666666664
SH-19975,Sally Hughsby,10893.50994,987.22444,29,375.63827379310345
EM-14095,Eudokia Martin,10889.6997,1684.9539,17,640.5705705882352
BS-11800,Bryan Spruell,10887.2118,1851.8634,21,518.4386571428571
BD-11725,Bruce Degenhardt,10877.827,1574.1361000000002,30,362.5942333333333
PO-19195,Phillina Ober,10872.01088,-1667.6880199999998,21,517.7148038095238
FC-14245,Frank Carlisle,10867.8088,2492.323,23,472.51342608695654
MA-17560,Matt Abelman,10813.79188,784.07748,24,450.5746616666667
GP-14740,Guy Phonely,10793.729,377.67660000000006,25,431.74915999999996
AB-10255,Alejandro Ballentine,10786.7164,-43.23810000000013,31,347.95859354838706
KM-16660,Khloe Miller,10785.2626,888.3437,29,371.9056068965517
SG-20080,Sandra Glassco,10774.5034,2551.8004,17,633.7943176470588
LS-17245,Lynn Smith,10758.988000000001,1878.1804,24,448.2911666666667
GB-14575,Giulietta Baptist,10748.99238,1621.01368,24,447.8746825
SG-20470,Sheri Gordon,10730.2773,1471.3288,28,383.22418928571426
BG-11695,Brooke Gillingham,10723.32038,568.96988,19,564.3852831578947
TC-21475,Tony Chapman,10722.52656,1181.26456,29,369.7422951724138
PC-18745,Pamela Coakley,10693.49644,-904.33256,21,509.2141161904762
CA-12055,Cathy Armstrong,10691.028,1738.3699,22,485.9558181818182
TB-21190,Thomas Brumley,10686.47152,1872.82132,17,628.6159717647058
RE-19450,Richard Eichhorn,10660.48524,1501.18864,18,592.24918
FH-14350,Fred Harton,10654.52882,2959.86382,20,532.726441
JW-15955,Joni Wasserman,10640.8287,624.7968000000001,30,354.69429
AG-10270,Alejandro Grove,10637.40422,2151.99612,25,425.4961688
NF-18475,Neil Französisch,10630.9149,2633.7607,22,483.2234045454545
AC-10420,Alyssa Crouse,10607.6947,206.48050000000003,24,441.98727916666667
NL-18310,Nancy Lomonaco,10587.3308,-593.2811,25,423.493232
JC-15775,John Castell,10582.78504,1820.4692400000001,25,423.3114016
SC-20020,Sam Craven,10579.47,1231.5156,34,311.16088235294114
LS-17230,Lycoris Saunders,10577.17148,1946.69668,24,440.71547833333335
MV-17485,Mark Van Huff,10563.3673,1650.8831,27,391.2358259259259
SJ-20125,Sanjit Jacobs,10562.092,1463.3749,30,352.0697333333334
CS-11860,Cari Schnelling,10555.92482,970.34032,21,502.6630866666667
ME-18010,Michelle Ellison,10547.63192,639.3183200000001,27,390.65303407407407
NF-18595,Nicole Fjeld,10535.301519999999,1438.95262,22,478.8773418181818
LW-17215,Luke Weiss,10529.49144,994.55854,24,438.72881
GM-14455,Gary Mitchum,10523.649,3106.2264,17,619.0381764705882
EL-13735,Ed Ludwig,10515.862000000001,1142.5974,23,457.21139130434784
TZ-21580,Tracy Zic,10455.5278,194.9604999999999,19,550.2909368421052
JS-15880,John Stevenson,10443.1001,1471.0499,20,522.155005
JO-15145,Jack O'Briant,10440.976,2280.9515,23,453.9554782608696
LE-16810,Laurel Elliston,10429.2537,1737.1186,24,434.5522375
LS-16945,Linda Southworth,10420.11776,-86.50593999999997,20,521.0058879999999
IG-15085,Ivan Gibson,10383.13098,657.49518,25,415.3252392
SP-20650,Stephanie Phelps,10377.86844,1739.28064,24,432.411185
EH-14005,Erica Hernandez,10374.9381,285.64729999999986,28,370.5335035714285
BM-11575,Brendan Murry,10351.33308,-189.53732000000002,25,414.0533232
BT-11305,Beth Thompson,10321.82,908.1758,24,430.0758333333333
MO-17500,Mary O'Rourke,10314.4082,573.4589,24,429.7670083333333
KB-16600,Ken Brennan,10295.9567,887.3471,25,411.838268
DP-13390,Dennis Pardue,10282.7912,2369.829,27,380.8441185185185
VS-21820,Vivek Sundaresam,10275.775,1460.0846999999999,15,685.0516666666666
BN-11515,Bradley Nguyen,10272.22552,2018.69692,23,446.6185008695652
JD-15790,John Dryer,10267.74976,-293.68474000000003,24,427.8229066666667
DF-13135,David Flashing,10240.3839,474.0002,18,568.9102166666667
AW-10930,Arthur Wiediger,10230.95856,2585.88196,22,465.0435709090909
CS-12400,Christopher Schild,10221.36436,1373.06256,23,444.4071460869565
BF-11020,Barry Französisch,10201.2813,1133.2553,24,425.05338750000004
JK-15370,Jay Kimmel,10189.51404,1813.49584,27,377.3894088888889
BD-11770,Bryan Davis,10168.32526,2397.81426,26,391.08943307692306
JP-16135,Julie Prescott,10163.5086,2036.0102,34,298.92672352941173
BF-11080,Bart Folk,10134.5617,1187.5689,21,482.5981761904762
SG-20605,Speros Goranitis,10128.53856,1329.60556,32,316.51683
TB-21280,Toby Braunhardt,10127.01266,1054.4293599999999,26,389.50048692307695
MC-17590,Matt Collister,10118.84168,1337.60878,25,404.7536672
DE-13255,Deanra Eno,10085.789999999999,1657.8874,22,458.44499999999994
MK-18160,Mike Kennedy,10043.3188,317.56059999999997,20,502.16594
TR-21325,Toby Ritter,10033.18706,1767.02946,22,456.0539572727273
DB-13615,Doug Bickford,10031.4568,1995.248,28,358.26631428571426
MA-17995,Michelle Arnett,10006.45034,889.31854,22,454.8386518181818
LW-16825,Laurel Workman,9990.855239999999,982.0109399999999,20,499.5427619999999
KH-16360,Katherine Hughes,9983.5094,1542.2225,28,356.55390714285716
MH-17455,Mark Hamilton,9974.27472,155.89602000000005,27,369.4175822222222
CC-12670,Craig Carreira,9969.0279,-549.5837,28,356.0367107142857
VB-21745,Victoria Brennan,9961.05,717.7338,21,474.33571428571423
FP-14320,Frank Preis,9939.0502,840.6415000000001,29,342.72586896551724
CK-12325,Christine Kargatis,9927.89832,849.51822,27,367.6999377777778
AH-10120,Adrian Hane,9927.83588,1705.1372800000001,22,451.26526727272727
VG-21790,Vivek Gonzalez,9908.6065,-411.8667,27,366.98542592592594
HE-14800,Harold Engle,9902.49522,1570.14602,27,366.7590822222223
KB-16240,Karen Bern,9900.698,1801.5406,27,366.6925185185185
SC-20845,Sung Chung,9898.62502,1435.03872,24,412.44270916666665
LC-16870,Lena Cacioppo,9859.89236,1048.34726,21,469.5186838095238
PM-19135,Peter McVee,9857.6599,648.8516,22,448.07545000000005
AG-10765,Anthony Garverick,9824.7795,1250.5845,27,363.88072222222223
AS-10630,Ann Steele,9815.9395,3194.3633999999997,19,516.6283947368421
CV-12805,Cynthia Voltz,9764.1306,1737.4445,20,488.20653000000004
HA-14920,Helen Andreada,9740.3981,1457.3646,25,389.615924
HF-14995,Herbert Flentye,9712.8699,-474.8709,28,346.8882107142857
JJ-15445,Jennifer Jackson,9696.8474,1054.3552,19,510.3603894736842
DW-13195,David Wiener,9689.3171,1623.3823,26,372.6660423076923
CM-11935,Carlos Meador,9689.0124,2081.088,18,538.2784666666666
SC-20575,Sonia Cooley,9685.4243,896.3616,33,293.4977060606061
HZ-14950,Henia Zydlo,9656.4048,1003.4369,22,438.9274909090909
NB-18655,Nona Balk,9647.2046,1537.0685,22,438.50929999999994
DM-13525,Don Miller,9640.38168,-925.5615199999999,19,507.3885094736842
AZ-10750,Annie Zypern,9639.801,1606.5633,18,535.5445
HR-14830,Harold Ryan,9637.15436,1517.87776,21,458.9121123809524
BF-11275,Beth Fritzler,9578.59864,565.06884,23,416.4608104347826
JR-15700,Jocasta Rupert,9568.31976,815.8547599999999,18,531.57332
EB-13930,Eric Barreto,9533.9519,1385.4761,18,529.6639944444445
TS-21430,Tom Stivers,9532.9166,553.0183,22,433.31439090909095
TS-21655,Trudy Schmidt,9525.457199999999,952.4495000000001,24,396.89404999999994
ZD-21925,Zuschuss Donatelli,9479.3444,-276.6789,20,473.96722
PC-19000,Pauline Chand,9474.0653,519.6209,18,526.3369611111111
AR-10570,Anemone Ratner,9445.64932,1584.83232,18,524.7582955555556
PH-18790,Patricia Hirasaki,9435.5663,2390.0760999999998,19,496.60875263157897
RW-19630,Rob Williams,9425.9243,1999.6208,26,362.53555
DB-13555,Dorothy Badders,9415.2204,943.0146,22,427.96456363636366
TN-21040,Tanja Norvell,9410.26404,-732.4921599999999,29,324.49186344827586
FG-14260,Frank Gastineau,9396.5055,1158.0512,18,522.0280833333333
SC-20260,Scott Cohen,9366.1924,1265.5528,26,360.23816923076924
BD-11560,Brendan Dodson,9356.77974,1909.86374,19,492.46209157894737
JS-15595,Jill Stevenson,9334.6385,562.5654999999999,18,518.5910277777778
KC-16255,Karen Carlisle,9321.9643,2139.712,27,345.25793703703704
DC-12850,Dan Campbell,9307.3655,-659.5637999999999,29,320.94363793103446
RD-19930,Russell D'Ascenzo,9293.58832,683.3937199999999,22,422.4358327272728
RB-19705,Roger Barcio,9288.0836,2069.0791,16,580.505225
NG-18355,Nat Gilpin,9262.72936,1826.70286,21,441.08235047619047
KW-16570,Kelly Williams,9256.0553,2191.5663,34,272.2369205882353
NC-18415,Nathan Cano,9255.794,-771.6432000000002,19,487.14705263157896
LM-17065,Liz MacKendrick,9249.383,393.471,18,513.8546111111111
DK-13225,Dean Katz,9246.4686,898.324,29,318.8437448275862
CS-12355,Christine Sundaresam,9240.896999999999,-115.63180000000001,31,298.0934516129032
JF-15490,Jeremy Farry,9234.53286,1048.31756,30,307.81776199999996
PJ-19015,Pauline Johnson,9230.87916,1212.8130600000002,22,419.5854163636364
TB-21355,Todd Boyes,9205.113,1093.992,20,460.25564999999995
BD-11605,Brian Dahlen,9202.66214,1201.1774400000002,19,484.35063894736845
DB-12970,Darren Budd,9166.2092,463.2449,11,833.2917454545454
AH-10585,Angele Hood,9125.8911,1458.3500999999999,22,414.81323181818186
LW-16990,Lindsay Williams,9111.8495,1335.3454,23,396.1673695652174
BB-10990,Barry Blumstein,9064.5327,177.0666,30,302.15109
CV-12295,Christina VanderZanden,9042.26818,1126.4462800000001,20,452.11340899999993
BW-1065,Barry Weirich,9027.48,3341.34,5,1805.4959999999999
AS-10240,Alan Shonely,9006.66636,630.38416,31,290.53762451612903
EJ-13720,Ed Jacobs,8969.44,1012.9436,22,407.7018181818182
AR-10405,Allen Rosenblatt,8956.82078,-583.48182,22,407.1282172727273
RH-19555,Ritsa Hightower,8944.311,293.0046999999999,21,425.91957142857143
GR-14560,Georgia Rosenberg,8895.05754,1030.99074,24,370.6273975
TC-21535,Tracy Collins,8888.0601,1738.6551,30,296.26867000000004
AJ-10795,Anthony Johnson,8887.077,1861.0924,22,403.9580454545454
BT-11485,Brad Thomas,8878.05054,1170.75394,29,306.13967379310344
GA-14725,Guy Armstrong,8817.5455,1012.2714000000001,24,367.3977291666667
EH-13990,Erica Hackney,8807.0846,1552.3205,26,338.7340230769231
FC-14335,Fred Chung,8770.73964,1329.92624,23,381.3365060869565
RH-9555,Ritsa Hightower,8753.469,1709.799,8,1094.183625
DD-13570,Dorothy Dickinson,8741.4648,959.7672,24,364.22769999999997
CR-12580,Clay Rozendal,8700.3125,818.0318,20,435.015625
JD-16015,Joy Daniels,8690.6293,-29.400199999999987,24,362.10955416666667
ML-18040,Michelle Lonsdale,8677.599,1646.9332,19,456.7157368421053
LS-16975,Lindsay Shagiari,8646.9157,1737.8783999999998,22,393.0416227272727
AJ-10960,Astrea Jones,8633.59348,1518.67198,17,507.85844
JL-15505,Jeremy Lonsdale,8631.695,644.2673,22,392.3497727272727
AH-10465,Amy Hunt,8547.83068,611.88898,20,427.391534
MC-18130,Mike Caudle,8532.703,717.1614999999999,23,370.9870869565217
MS-17710,Maurice Satty,8500.63026,1057.94306,26,326.9473176923077
JL-15850,John Lucas,8497.68,988.2486,22,386.2581818181818
EB-13750,Edward Becker,8489.991,1368.5910000000001,20,424.49955
AG-10525,Andy Gerbode,8468.963,36.033699999999996,20,423.44815
AG-10390,Allen Goldenen,8453.0096,995.7429999999999,19,444.89524210526315
TB-21595,Troy Blackwell,8437.989,1219.0209,26,324.53803846153846
BW-11065,Barry Weirich,8409.0559,354.0633,18,467.1697722222222
CM-12715,Craig Molinari,8392.5789,915.3873,19,441.71467894736844
PT-19090,Pete Takahito,8370.783,216.6702,25,334.83132
AI-10855,Arianne Irving,8358.6023,1612.7634,22,379.9364681818182
JE-16165,Justin Ellison,8352.71836,1839.80796,20,417.63591800000006
BP-11095,Bart Pistole,8327.8696,599.4307,32,260.245925
BT-11440,Bobby Trafton,8263.9755,290.9339,21,393.5226428571429
LT-7110,Liz Thompson,8234.994,1764.144,6,1372.499
PO-9195,Phillina Ober,8227.356,641.586,8,1028.4195
JF-5415,Jennifer Ferguson,8227.02,1270.2,11,747.9109090909092
LH-17020,Lisa Hazard,8189.785800000001,1040.3469,18,454.98810000000003
BF-10975,Barbara Fisher,8104.7792,1217.0095999999999,22,368.39905454545453
PB-19105,Peter Bühler,8087.781,1615.6467,16,505.4863125
SH-9975,Sally Hughsby,8058.147,808.137,8,1007.268375
AR-10540,Andy Reiter,7983.9505,3050.9132999999997,15,532.2633666666667
LH-16750,Larry Hughes,7945.0902,597.0119000000001,22,361.1404636363636
MH-17440,Mark Haberlin,7945.0458,771.4384,25,317.801832
RC-19825,Roy Collins,7916.6733,737.7456999999999,25,316.66693200000003
CC-12550,Clay Cheatham,7908.65034,1167.45894,25,316.3460136
PB-19150,Philip Brown,7907.2555600000005,460.19616,33,239.61380484848488
RC-19960,Ryan Crowe,7897.8691,1758.0904,22,358.99405
BD-11620,Brian DeCherney,7849.0000199999995,448.50692000000004,25,313.9600008
ME-17725,Max Engle,7839.8866,323.4762,28,279.99595
EH-13945,Eric Hoffmann,7832.68602,1551.0848199999998,27,290.0994822222222
JM-16195,Justin MacKendrick,7825.5646,1314.3129999999999,25,313.022584
DH-13675,Duane Huffman,7817.3085,842.9995,17,459.84167647058825
KM-16225,Kalyca Meade,7754.5516,227.23930000000004,18,430.8084222222222
SV-10815,Stuart Van,7728.912,-537.1379999999999,9,858.768
JD-16060,Julia Dunbar,7683.04096,-24.026939999999986,19,404.37057684210527
SC-20440,Shaun Chance,7677.43526,890.45836,25,307.0974104
LP-17080,Liz Pelletier,7631.9895,-261.9352,24,317.99956249999997
SS-20515,Shirley Schmidt,7480.62162,285.96611999999993,19,393.71692736842107
BO-11350,Bill Overfelt,7476.2546999999995,555.1937,20,373.812735
SU-20665,Stephanie Ulpright,7442.46,-54.43210000000001,23,323.58521739130435
SF-20065,Sandra Flanagan,7395.746,1073.6423,21,352.17838095238096
JF-15355,Jay Fein,7343.566,1016.6709999999999,22,333.79845454545455
HP-14815,Harold Pawlan,7321.4395,636.2192,24,305.05997916666666
CC-12220,Chris Cortes,7308.7328,1315.8066,32,228.3979
AS-10135,Adrian Shami,7307.2442,750.2938,19,384.5918
PK-18910,Paul Knutson,7282.58156,319.16456000000005,16,455.1613475
TB-11250,Tim Brockman,7270.836,656.016,15,484.7224
KH-16630,Ken Heidel,7220.70456,1205.66716,27,267.4335022222222
LC-7050,Liz Carlisle,7193.652,1697.562,7,1027.6645714285714
PW-19240,Pierre Wener,7186.1398,1837.4188000000001,24,299.42249166666664
JW-5220,Jane Waco,7184.724,2150.694,6,1197.454
CA-12310,Christine Abelman,7166.23086,727.92866,21,341.24908857142856
MM-18280,Muhammed MacIntyre,7134.304,1877.0716,25,285.37216
JO-15280,Jas O'Carroll,7123.5651,1203.0993,21,339.2173857142857
DW-3480,Dianna Wilson,7118.106000000001,1713.396,12,593.1755
RD-19810,Ross DeVincentis,7091.09996,1417.27646,30,236.36999866666665
RS-19870,Roy Skaria,7090.9567799999995,1222.85258,20,354.54783899999995
NW-8400,Natalie Webber,7046.736,1736.0459999999998,7,1006.6765714285714
DP-3105,Dave Poirier,6970.715999999999,1500.1860000000001,6,1161.7859999999998
CC-2370,Christopher Conant,6957.225,1620.405,9,773.0250000000001
JM-15535,Jessica Myrick,6942.403,1460.2395,20,347.12015
TD-20995,Tamara Dahlen,6924.1875,-178.31079999999994,25,276.9675
SW-20350,Sean Wendt,6923.24944,1036.44374,21,329.67854476190473
DB-13360,Dennis Bolton,6919.81436,848.44686,28,247.13622714285717
SM-20905,Susan MacKendrick,6918.4824,1280.4929,17,406.96955294117646
MD-7860,Michael Dominguez,6853.512,2176.092,5,1370.7024
MT-8070,Michelle Tran,6851.922,-2991.618,7,978.8459999999999
EB-13870,Emily Burns,6850.983700000001,187.3762,19,360.57808947368426
TS-21160,Theresa Swint,6805.942,939.3524,22,309.361
SM-20005,Sally Matthias,6801.587500000001,350.4708,22,309.16306818181823
SP-20545,Sibella Parks,6801.1987,698.1370000000001,20,340.059935
SF-20965,Sylvia Foulston,6777.6808,1238.831,17,398.68710588235297
EB-14170,Evan Bailliet,6736.4391,276.78319999999997,23,292.8886565217391
PA-19060,Pete Armstrong,6723.23276,647.89356,21,320.15394095238094
GM-14500,Gene McClure,6704.18562,531.4221200000001,23,291.48633130434786
PJ-9015,Pauline Johnson,6612.66,889.6800000000001,8,826.5825
FM-14380,Fred McMath,6598.3976999999995,1461.1015,21,314.2094142857143
CK-12760,Cyma Kinney,6574.8044,-100.50570000000009,26,252.8770923076923
EG-3900,Emily Grady,6549.951,-756.309,11,595.4500909090909
RD-9930,Russell D'Ascenzo,6523.392,546.972,11,593.0356363636364
RM-19750,Roland Murray,6475.01086,1314.87876,19,340.79004526315794
PV-8985,Paul Van Hugh,6390.636,1524.426,6,1065.106
BS-1800,Bryan Spruell,6364.854,931.344,9,707.206
SC-10680,Steve Carroll,6344.79,543.36,4,1586.1975
EN-13780,Edward Nazzal,6333.9164,478.53349999999995,20,316.69582
AH-30,Aaron Hawkins,6320.0160000000005,-150.50400000000002,7,902.8594285714287
LM-7065,Liz MacKendrick,6280.47,1474.6799999999998,4,1570.1175
SM-10005,Sally Matthias,6262.38,1177.8899999999999,8,782.7975
AC-10660,Anna Chung,6255.61908,-998.9973200000001,21,297.88662285714287
KT-16480,Kean Thornton,6240.6521,-156.15920000000003,20,312.032605
RA-9285,Ralph Arnett,6226.686,-1519.824,14,444.7632857142857
BP-1230,Benjamin Patterson,6134.988,444.288,8,766.8735
SW-20455,Shaun Weien,6038.0162,764.197,22,274.45528181818185
RB-9705,Roger Barcio,6018.072,810.462,12,501.50600000000003
DJ-3510,Don Jones,5976.6900000000005,1614.6,7,853.8128571428572
RB-19645,Robert Barroso,5973.5944,754.2793999999999,22,271.52701818181816
RP-9390,Resi Pölking,5935.98,1520.46,7,847.9971428571428
JE-15475,Jeremy Ellison,5905.076,1223.3237,22,268.41254545454547
KN-16705,Kristina Nunn,5884.778,935.5005,19,309.72515789473687
AA-10375,Allen Armold,5884.195,677.4774,23,255.8345652173913
JK-5730,Joe Kamberova,5862.87,2089.7400000000002,6,977.145
TS-11430,Tom Stivers,5812.08,1811.97,7,830.2971428571428
IG-5085,Ivan Gibson,5766.243,1253.673,12,480.52025000000003
JL-5130,Jack Lebron,5765.400000000001,72.30000000000017,12,480.45000000000005
RW-9540,Rick Wilson,5698.434,1252.404,7,814.062
BD-1635,Brian Derr,5689.263,1488.693,9,632.1403333333333
RE-9450,Richard Eichhorn,5678.7029999999995,890.223,12,473.22524999999996
JH-6180,Justin Hirsh,5651.8949999999995,1406.385,9,627.9883333333332
DB-13120,David Bremer,5602.59462,-2028.5785799999999,16,350.16216375
GT-14755,Guy Thornton,5601.70652,593.33132,23,243.55245739130433
EK-13795,Eileen Kiefer,5597.3462,593.1248,17,329.2556588235294
CP-2085,Cathy Prescott,5585.7,1130.19,10,558.5699999999999
MM-7260,Magdelene Morse,5510.358,1220.4180000000001,5,1102.0716
AY-10555,Andy Yotov,5446.61044,1850.5163400000001,16,340.4131525
AB-600,Ann Blume,5408.55,964.65,5,1081.71
BP-11050,Barry Pond,5403.78676,845.07976,21,257.323179047619
TS-21085,Thais Sissman,5395.2094,860.4408,19,283.9583894736842
LW-17125,Liz Willingham,5369.269,518.0502,16,335.5793125
JD-6150,Justin Deggeller,5329.7699999999995,1194.87,6,888.295
PB-9210,Phillip Breyer,5302.197,-909.723,7,757.4567142857143
MG-8145,Mike Gockenbach,5229.1140000000005,1790.5140000000001,3,1743.0380000000002
RD-9585,Rob Dowd,5168.4,1469.4,7,738.342857142857
IM-15055,Ionia McGrath,5154.83976,1534.0298599999999,15,343.655984
KS-16300,Karen Seio,5103.36318,1079.99218,21,243.01729428571429
BS-1665,Brian Stugart,5101.907999999999,500.718,7,728.8439999999999
CV-2805,Cynthia Voltz,5088.852,172.662,7,726.9788571428571
LC-6930,Linda Cazamias,5080.688999999999,341.079,9,564.521
CR-2625,Corey Roper,5079.897,866.547,9,564.433
BD-1725,Bruce Degenhardt,5078.400000000001,901.0200000000001,13,390.6461538461539
TT-11265,Tim Taslimi,5049.042,1269.7920000000001,9,561.0046666666667
CP-2340,Christine Phan,5044.65,1565.31,4,1261.1625
EH-4125,Eugene Hildebrand,5012.22,-445.55999999999995,13,385.55538461538464
DM-3345,Denise Monton,4998.42,-5474.610000000001,6,833.07
NP-8685,Nora Pelletier,4994.849999999999,1250.76,4,1248.7124999999999
BP-1050,Barry Pond,4981.542,1245.882,9,553.5046666666667
GR-4560,Georgia Rosenberg,4955.5289999999995,-534.711,6,825.9214999999999
AS-285,Alejandro Savely,4938.4619999999995,738.702,13,379.8816923076923
TG-11640,Trudy Glocke,4906.533,1106.253,9,545.1703333333334
NB-18580,Nicole Brennan,4875.5984,-105.25480000000003,10,487.55984
MB-7305,Maria Bertelson,4874.589,1140.939,8,609.323625
AJ-945,Ashley Jarboe,4860.924,1439.064,7,694.4177142857143
RD-9900,Ruben Dartt,4837.2210000000005,855.591,10,483.72210000000007
KN-6705,Kristina Nunn,4830.858,763.0079999999999,5,966.1716
TA-11385,Tom Ashbrook,4819.95,36.99000000000011,5,963.99
CM-1830,Cari MacIntyre,4777.407,39.987000000000016,13,367.4928461538462
SS-20875,Sung Shariari,4772.1508,147.8488,21,227.2452761904762
MH-7455,Mark Hamilton,4747.371,371.15100000000007,10,474.7371
TT-21265,Tim Taslimi,4730.638,15.044200000000014,20,236.5319
PT-9090,Pete Takahito,4686.03,393.03,5,937.2059999999999
AB-255,Alejandro Ballentine,4679.502,801.8520000000001,8,584.93775
DH-3675,Duane Huffman,4661.844,1308.144,12,388.487
DV-3045,Darrin Van Huff,4640.319,17.13899999999998,13,356.9476153846154
RH-19600,Rob Haberlin,4629.69556,329.75165999999996,21,220.46169333333333
AJ-960,Astrea Jones,4629.156,1012.6859999999999,10,462.9156
GP-4740,Guy Phonely,4610.103,872.4330000000001,8,576.262875
AB-15,Aaron Bergman,4607.13,963.7199999999999,5,921.426
GH-4425,Gary Hwang,4585.83,532.89,10,458.58299999999997
BH-1710,Brosina Hoffman,4583.286,1632.996,10,458.3286
TS-11370,Todd Sumrall,4573.584,992.814,10,457.35839999999996
JE-6165,Justin Ellison,4555.716,1088.496,8,569.4645
HR-4770,Hallie Redmond,4550.322,522.372,8,568.79025
CH-2070,Cathy Hwang,4545.6179999999995,1178.088,8,568.2022499999999
RB-9330,Randy Bradley,4538.256,413.76599999999996,8,567.282
MO-17950,Michael Oakman,4527.392,34.12660000000001,14,323.38514285714285
JP-6135,Julie Prescott,4432.650000000001,1443.03,8,554.0812500000001
EC-14050,Erin Creighton,4430.2361,424.0577,19,233.17032105263158
HM-4980,Henry MacAllister,4409.298,1628.628,5,881.8596
JK-5625,Jim Karlsson,4364.763,1170.693,8,545.595375
IM-5055,Ionia McGrath,4324.95,913.95,7,617.85
MS-7830,Melanie Seite,4322.904,294.89400000000006,8,540.363
MC-7275,Marc Crier,4301.043,650.403,5,860.2085999999999
MG-7680,Maureen Gastineau,4298.478,-151.24200000000005,9,477.6086666666667
GM-4500,Gene McClure,4298.37,1021.83,5,859.674
MO-7800,Meg O'Connel,4294.2660000000005,465.276,9,477.14066666666673
JO-5550,Jesus Ocampo,4203.78,41.45999999999999,9,467.08666666666664
CC-2220,Chris Cortes,4174.182,1190.0819999999999,12,347.8485
DC-2850,Dan Campbell,4131.144,589.0740000000001,9,459.016
MY-8295,Muhammed Yedwab,4072.167,88.97699999999998,10,407.2167
NM-8445,Nathan Mautz,4053.7200000000003,693.96,9,450.41333333333336
SM-10320,Sean Miller,4045.638,673.968,7,577.9482857142857
DV-3465,Dianna Vittorini,4037.82,1175.04,5,807.5640000000001
CC-2685,Craig Carroll,4019.4120000000003,1556.232,5,803.8824000000001
CK-2760,Cyma Kinney,4015.95,625.89,12,334.66249999999997
JH-5910,Jonathan Howell,4013.994,-930.3359999999999,8,501.74925
JO-15550,Jesus Ocampo,4002.8940000000002,541.2969,19,210.67863157894737
MV-8190,Mike Vittorini,3995.04,181.37999999999997,8,499.38
TB-11520,Tracy Blumstein,3991.5209999999997,455.451,11,362.86554545454544
AS-135,Adrian Shami,3978.81,814.1999999999999,5,795.762
JC-6105,Julie Creighton,3914.94,-2601.42,6,652.49
TH-11235,Tiffany House,3901.3469999999998,549.567,10,390.13469999999995
JS-15940,Joni Sundaresam,3874.766,-26.75659999999997,15,258.31773333333336
SF-10065,Sandra Flanagan,3861.429,792.009,8,482.678625
DK-3375,Dennis Kane,3846.78,805.71,10,384.678
GZ-4470,Gary Zandusky,3835.626,856.446,8,479.45325
RD-9720,Roger Demir,3833.712,1139.892,8,479.214
BF-1080,Bart Folk,3808.17,896.94,6,634.695
TC-11145,Theresa Coyne,3799.926,1228.806,10,379.9926
JF-5565,Jill Fjeld,3776.7000000000003,547.74,6,629.45
NG-8430,Nathan Gelder,3749.829,890.529,8,468.728625
NF-8385,Natalie Fritzler,3736.899,180.54900000000004,11,339.7180909090909
ER-3855,Elpida Rittenbach,3736.296,373.62600000000003,7,533.7565714285714
CC-2475,Cindy Chapman,3709.881,914.6909999999999,7,529.983
GZ-4545,George Zrebassa,3698.388,1460.298,6,616.398
DB-3360,Dennis Bolton,3691.53,1074.27,2,1845.765
EL-3735,Ed Ludwig,3691.392,12.942000000000082,11,335.5810909090909
RB-9465,Rick Bensley,3675.2400000000002,1296.81,3,1225.0800000000002
PA-9060,Pete Armstrong,3670.581,907.461,6,611.7635
LL-6840,Lauren Leatherbury,3649.152,630.342,9,405.46133333333336
MC-7575,Matt Collins,3619.188,783.318,8,452.3985
AH-75,Adam Hart,3608.34,915.99,8,451.0425
JM-5655,Jim Mitchum,3602.67,608.46,8,450.33375
CG-12040,Catherine Glotzbach,3596.268,149.0706,19,189.27726315789474
LA-6780,Laura Armstrong,3589.44,208.29,12,299.12
MM-8280,Muhammed MacIntyre,3586.695,289.39500000000004,10,358.6695
EH-4185,Evan Henry,3577.77,1039.62,8,447.22125
RP-9855,Roy Phan,3569.139,-289.551,6,594.8565
JD-6060,Julia Dunbar,3541.44,588.93,9,393.49333333333334
DO-3435,Denny Ordway,3515.73,930.21,10,351.573
JF-5190,Jamie Frazer,3510.1679999999997,-2385.942,8,438.77099999999996
MZ-7335,Maria Zettner,3494.226,459.906,5,698.8452
SS-10140,Saphhira Shifley,3491.6279999999997,905.388,7,498.804
PB-9150,Philip Brown,3478.443,811.6529999999999,10,347.84430000000003
JF-5355,Jay Fein,3475.7639999999997,-2891.346,9,386.19599999999997
GT-4755,Guy Thornton,3457.578,190.848,8,432.19725
BD-1770,Bryan Davis,3405.066,-869.5439999999999,5,681.0132
AJ-795,Anthony Johnson,3395.58,617.49,10,339.558
RD-9660,Robert Dilbeck,3391.788,794.1779999999999,9,376.86533333333335
JL-5835,John Lee,3388.275,816.4649999999999,7,484.0392857142857
DK-2835,Damala Kotsonis,3373.143,285.663,11,306.64936363636366
KH-6330,Katharine Harms,3371.208,405.168,13,259.32369230769234
CA-2265,Christina Anderson,3364.638,391.398,7,480.6625714285714
MH-7440,Mark Haberlin,3357.7799999999997,780.5699999999999,8,419.72249999999997
RH-9600,Rob Haberlin,3340.4700000000003,892.62,8,417.55875000000003
CS-2175,Charles Sheldon,3340.098,1214.568,5,668.0196
SU-10665,Stephanie Ulpright,3331.134,564.6840000000001,6,555.189
HD-4785,Harold Dahlen,3325.6079999999997,828.048,7,475.0868571428571
JP-5460,Jennifer Patt,3294.018,439.488,10,329.4018
AH-210,Alan Hwang,3277.11,202.71,4,819.2775
TC-10980,Tamara Chand,3239.064,-114.57599999999998,8,404.883
JB-6045,Julia Barnett,3235.656,-529.584,10,323.5656
LH-7155,Logan Haushalter,3228.75,770.4599999999999,8,403.59375
RD-9810,Ross DeVincentis,3214.788,522.6179999999999,7,459.2554285714286
EM-4065,Erin Mull,3213.246,921.726,9,357.02733333333333
JK-5370,Jay Kimmel,3211.452,-263.44800000000004,6,535.2420000000001
RF-9345,Randy Ferguson,3208.026,816.576,5,641.6052
SC-10305,Sean Christensen,3207.18,-213.15,7,458.1685714285714
MZ-7515,Mary Zewe,3193.161,428.421,9,354.79566666666665
JC-5385,Jenna Caffey,3183.0750000000003,-782.235,9,353.675
RB-9435,Richard Bierner,3179.154,-1731.0960000000002,6,529.859
SC-10260,Scott Cohen,3166.518,-42.882000000000026,7,452.3597142857143
AB-150,Aimee Bixby,3143.88,862.1400000000001,4,785.97
EB-3705,Ed Braxton,3141.63,594.6,3,1047.21
CK-2325,Christine Kargatis,3125.295,531.195,8,390.661875
BW-1200,Ben Wallace,3105.816,784.326,4,776.454
TB-11400,Tom Boeckenhauer,3103.323,724.5930000000001,9,344.8136666666667
KF-6285,Karen Ferguson,3100.152,-591.1980000000001,9,344.46133333333336
AY-555,Andy Yotov,3096.42,440.46000000000004,11,281.4927272727273
SG-10470,Sheri Gordon,3086.67,867.66,3,1028.89
RO-9780,Rose O'Brian,3080.1059999999998,158.19600000000005,9,342.234
CR-2580,Clay Rozendal,3057.2639999999997,1127.964,5,611.4527999999999
RH-9495,Rick Hansen,3057.21,393.51,3,1019.07
DB-2910,Daniel Byrd,3051.18,874.95,8,381.3975
BF-1020,Barry Französisch,3006.996,-193.13399999999993,7,429.57085714285716
HG-4845,Harry Greene,2987.898,532.518,9,331.9886666666667
DG-3300,Deirdre Greer,2982.312,307.062,6,497.05199999999996
PO-8865,Patrick O'Donnell,2973.15,-80.52,6,495.52500000000003
SV-10785,Stewart Visinsky,2969.43,260.85,7,424.2042857142857
SJ-10125,Sanjit Jacobs,2961.189,364.629,9,329.02099999999996
KB-6315,Karl Braun,2957.715,365.77500000000003,11,268.8831818181818
LC-7140,Logan Currie,2954.43,470.88,6,492.405
ZD-11925,Zuschuss Donatelli,2951.226,478.416,9,327.914
SC-10725,Steven Cartwright,2944.494,191.21400000000003,7,420.642
FM-4215,Filia McAdams,2935.614,393.054,6,489.269
KM-6720,Kunst Miller,2928.654,1122.024,3,976.218
JS-5940,Joni Sundaresam,2927.3399999999997,38.73000000000001,13,225.17999999999998
BD-1620,Brian DeCherney,2919.597,535.917,11,265.4179090909091
JG-5115,Jack Garza,2907.678,-2083.902,9,323.07533333333333
JO-5145,Jack O'Briant,2904.714,764.3040000000001,6,484.11899999999997
CA-1965,Carol Adams,2883.141,-103.17900000000006,8,360.392625
NP-8670,Nora Paige,2871.87,294.06,6,478.645
AG-525,Andy Gerbode,2870.676,133.35599999999997,7,410.0965714285714
EM-3960,Eric Murdock,2855.874,712.074,8,356.98425
CM-2715,Craig Molinari,2838.264,294.95400000000006,7,405.46628571428573
EM-4095,Eudokia Martin,2833.56,79.82999999999998,9,314.84
HZ-4950,Henia Zydlo,2830.4159999999997,-261.95399999999995,6,471.73599999999993
DB-3615,Doug Bickford,2824.152,972.432,4,706.038
BN-1470,Brad Norvell,2823.852,576.012,7,403.40742857142857
LD-6855,Lela Donovan,2822.706,-326.454,8,352.83825
SG-10605,Speros Goranitis,2816.067,211.497,6,469.3445
Dl-3600,Dorris liebe,2809.056,128.766,10,280.9056
BT-1485,Brad Thomas,2803.974,-231.12600000000003,9,311.5526666666667
ND-8370,Natalie DeCherney,2790.234,650.004,6,465.039
PB-8805,Patrick Bzostek,2787.672,263.502,9,309.74133333333333
AG-270,Alejandro Grove,2779.806,450.57599999999996,8,347.47575
CL-2565,Clay Ludtke,2775.636,708.846,6,462.606
JD-5895,Jonathan Doherty,2770.4339999999997,296.244,6,461.739
FH-4365,Fred Hopkins,2751.348,507.37800000000004,9,305.70533333333333
NG-8355,Nat Gilpin,2746.47,979.74,7,392.3528571428571
JL-5505,Jeremy Lonsdale,2729.3399999999997,542.01,3,909.7799999999999
LS-6945,Linda Southworth,2726.034,18.65400000000001,12,227.1695
ND-8460,Neil Ducich,2722.98,971.4300000000001,10,272.298
DE-3255,Deanra Eno,2714.49,77.61,8,339.31125
EB-3975,Erica Bern,2713.62,377.19,9,301.5133333333333
NC-8340,Nat Carroll,2707.962,535.362,9,300.88466666666665
MK-8160,Mike Kennedy,2697.066,441.036,10,269.7066
LR-7035,Lisa Ryan,2677.98,283.44,9,297.55333333333334
LW-7125,Liz Willingham,2677.341,881.991,9,297.4823333333333
AC-660,Anna Chung,2676.09,726.87,4,669.0225
BO-1425,Bobby Odegard,2671.257,651.927,8,333.907125
CS-2460,Chuck Sachs,2671.227,141.83699999999996,8,333.903375
AP-915,Arthur Prichep,2668.08,717.51,5,533.616
JD-6015,Joy Daniels,2652.7799999999997,-575.0100000000001,8,331.59749999999997
AH-195,Alan Haines,2651.565,-751.155,9,294.61833333333334
AR-510,Andrew Roberts,2638.638,42.797999999999966,10,263.86379999999997
SF-10200,Sarah Foster,2633.3160000000003,-1384.404,8,329.16450000000003
EJ-4155,Eva Jacobs,2631.99,819.45,5,526.3979999999999
EH-4005,Erica Hernandez,2629.674,509.00399999999996,7,375.6677142857143
VM-21835,Vivian Mathis,2621.817,318.84430000000003,20,131.09085
BN-1515,Bradley Nguyen,2606.8019999999997,525.3720000000001,8,325.85024999999996
EM-4200,Evan Minnotte,2585.898,509.118,4,646.4745
JR-5670,Jim Radford,2585.034,425.574,6,430.839
KW-6570,Kelly Williams,2577.7200000000003,179.57999999999998,6,429.62000000000006
AJ-780,Anthony Jacobs,2570.994,-612.006,12,214.2495
BM-1650,Brian Moss,2537.1059999999998,458.676,8,317.13824999999997
EH-3945,Eric Hoffmann,2518.74,698.97,9,279.85999999999996
JK-6120,Julie Kriz,2513.07,299.7,6,418.845
JJ-5445,Jennifer Jackson,2490.204,-31.655999999999985,6,415.03400000000005
LC-6960,Lindsay Castell,2487.402,54.73199999999995,8,310.92525
MW-8220,Mitch Webber,2476.497,490.22700000000003,8,309.562125
SF-10965,Sylvia Foulston,2476.302,656.352,6,412.71700000000004
SL-10155,Sara Luxemburg,2451.7799999999997,655.74,14,175.12714285714284
DM-2955,Dario Medina,2437.407,100.70700000000001,9,270.82300000000004
JF-5295,Jason Fortune-,2433.942,-570.768,8,304.24275
EB-3930,Eric Barreto,2433.516,706.266,9,270.3906666666667
JM-5250,Janet Martin,2424.201,-488.019,5,484.8402
RL-9615,Rob Lucas,2420.226,366.84599999999995,8,302.52825
EB-4110,Eugene Barchas,2417.757,-391.953,10,241.7757
TR-11325,Toby Ritter,2395.716,669.876,4,598.929
NK-8490,Neil Knudson,2395.35,731.04,4,598.8375
AG-675,Anna Gayman,2368.131,242.27100000000007,10,236.8131
JH-5820,John Huston,2359.011,566.151,7,337.0015714285714
SK-9990,Sally Knutson,2358.858,655.458,7,336.9797142857143
TB-11055,Ted Butterfield,2355.138,533.058,3,785.0459999999999
SS-10410,Shahid Shariari,2348.46,318.63,10,234.846
SW-10755,Steven Ward,2346.906,499.026,7,335.2722857142857
DD-3570,Dorothy Dickinson,2331.4139999999998,439.884,8,291.42674999999997
MR-7545,Mathew Reese,2325.24,650.3100000000001,6,387.53999999999996
SC-10050,Sample Company A,2311.8540000000003,358.85400000000004,7,330.2648571428572
EC-4050,Erin Creighton,2301.315,407.715,7,328.75928571428574
AR-345,Alex Russell,2301.072,606.732,9,255.67466666666667
AC-615,Ann Chong,2298.432,-280.54799999999994,7,328.34742857142857
CS-2400,Christopher Schild,2293.17,706.98,5,458.634
DR-2880,Dan Reichenbach,2291.463,-128.247,8,286.432875
DR-2940,Daniel Raglin,2288.4,598.05,8,286.05
LO-7170,Lori Olson,2281.185,-530.9849999999999,7,325.88357142857143
JE-5745,Joel Eaton,2275.5,405.3,7,325.07142857142856
CM-2160,Charles McCrossin,2245.92,314.13,5,449.184
BM-1785,Bryan Mills,2244.342,475.932,9,249.37133333333335
AA-315,Alex Avila,2243.256,535.5659999999999,7,320.46514285714284
RM-9375,Raymond Messe,2239.446,523.896,7,319.92085714285713
AH-585,Angele Hood,2232.222,151.72199999999998,9,248.0246666666667
AZ-750,Annie Zypern,2231.277,-682.2030000000001,10,223.1277
JP-5520,Jeremy Pistek,2227.524,315.414,4,556.881
KH-6360,Katherine Hughes,2221.365,300.16499999999996,7,317.3378571428571
TC-11535,Tracy Collins,2214.9719999999998,-1355.658,4,553.7429999999999
DA-3450,Dianna Arnett,2212.05,528.24,4,553.0125
DB-3660,Duane Benoit,2207.712,150.462,3,735.904
SW-10455,Shaun Weien,2205.252,399.37199999999996,9,245.028
DM-3525,Don Miller,2191.266,652.146,6,365.211
KL-6555,Kelly Lampkin,2184.06,157.83,7,312.00857142857143
MN-7935,Michael Nguyen,2175.33,-124.97999999999999,6,362.555
JB-5400,Jennifer Braxton,2172.0299999999997,459.59999999999997,7,310.28999999999996
MP-8175,Mike Pelletier,2169.174,77.30400000000002,6,361.529
FO-4305,Frank Olsen,2158.446,456.63599999999997,10,215.84459999999999
AB-105,Adrian Barton,2156.4,-495.33,7,308.0571428571429
SR-10740,Steven Roelle,2154.12,291.27,4,538.53
BT-1440,Bobby Trafton,2132.565,-760.725,10,213.25650000000002
KM-6375,Katherine Murray,2124.699,256.629,5,424.9398
TS-11505,Tony Sayre,2123.946,-157.49400000000006,4,530.9865
NH-8610,Nicole Hansen,2121.522,207.85200000000003,6,353.587
KT-6480,Kean Thornton,2119.74,-461.76,7,302.82
DM-3015,Darrin Martin,2105.79,460.89,6,350.965
MG-7695,Maureen Gnade,2104.596,84.786,7,300.65657142857145
HF-4995,Herbert Flentye,2099.973,-178.25699999999998,8,262.496625
DP-3000,Darren Powers,2093.61,432.15,10,209.36100000000002
ME-7725,Max Engle,2083.875,349.785,11,189.4431818181818
JH-5985,Joseph Holt,2073.48,569.61,7,296.2114285714286
DB-3060,Dave Brooks,2070.258,336.738,8,258.78225
IM-5070,Irene Maddox,2064.066,-112.67399999999999,7,294.8665714285714
DH-3075,Dave Hallsten,2063.682,311.292,10,206.36819999999997
AA-480,Andrew Allen,2063.493,554.613,5,412.6986
TM-11490,Tony Molinari,2063.022,-877.548,8,257.87775
RA-9945,Ryan Akin,2044.587,217.76700000000002,9,227.17633333333333
AR-570,Anemone Ratner,2044.278,409.818,9,227.142
AM-360,Alice McCarthy,2035.827,229.37699999999998,6,339.3045
SC-10770,Stewart Carmichael,2033.208,-127.66199999999999,7,290.45828571428575
AR-825,Anthony Rawles,2028.9119999999998,289.542,7,289.8445714285714
NF-8475,Neil Französisch,2019.006,286.296,7,288.42942857142856
TS-11610,Troy Staebel,2011.14,105.42,5,402.228
PF-9165,Philip Fox,2007.642,422.532,7,286.806
JL-5850,John Lucas,2003.598,-634.002,4,500.8995
FM-4290,Frank Merwin,2002.71,409.71000000000004,8,250.33875
AS-630,Ann Steele,2000.01,-1103.31,11,181.8190909090909
PG-8895,Paul Gonzalez,1981.302,350.082,6,330.217
SB-10290,Sean Braxton,1975.404,-120.66599999999998,5,395.0808
AA-645,Anna Andreadi,1968.324,-608.346,11,178.93854545454545
RE-9405,Ricardo Emerson,1967.403,287.673,6,327.9005
TP-11415,Tom Prescott,1950.9479999999999,467.14799999999997,4,487.73699999999997
AW-840,Anthony Witt,1947.0,-228.42,7,278.14285714285717
KB-6240,Karen Bern,1945.32,517.53,7,277.90285714285716
JS-5685,Jim Sink,1944.06,502.44,5,388.812
SC-10440,Shaun Chance,1929.081,-533.439,4,482.27025
MA-7995,Michelle Arnett,1928.007,213.35699999999997,11,175.27336363636365
ES-4080,Erin Smith,1925.544,250.10399999999998,9,213.94933333333336
MM-8055,Michelle Moray,1924.911,-638.499,8,240.613875
CS-2250,Chris Selesnick,1917.624,391.674,4,479.406
MH-7785,Maya Herman,1914.834,285.504,9,212.75933333333333
TC-11475,Tony Chapman,1907.7540000000001,219.864,9,211.97266666666667
CM-2115,Chad McGuire,1907.3700000000001,277.53,3,635.7900000000001
SW-10245,Scot Wooten,1901.91,325.59,4,475.4775
EM-4140,Eugene Moren,1900.791,-58.869,6,316.7985
NR-8550,Nick Radford,1898.481,463.041,8,237.310125
LB-6735,Larry Blacks,1897.95,98.24999999999999,7,271.1357142857143
CS-2505,Cindy Stewart,1894.5,285.81,7,270.64285714285717
ES-4020,Erica Smith,1892.778,365.988,7,270.39685714285713
JJ-5760,Joel Jenkins,1890.126,93.396,6,315.021
BD-1320,Bill Donatelli,1885.05,213.06,6,314.175
PF-9120,Peter Fuller,1882.95,439.89,10,188.29500000000002
JB-6000,Joy Bell-,1881.006,-68.45399999999997,7,268.7151428571429
NP-8700,Nora Preis,1880.622,-234.138,6,313.437
TH-11115,Thea Hudgings,1870.17,490.35,6,311.695
LW-6990,Lindsay Williams,1869.771,151.581,11,169.97918181818181
BE-1410,Bobby Elias,1859.859,391.059,7,265.6941428571428
AG-765,Anthony Garverick,1859.5320000000002,-1075.278,8,232.44150000000002
BM-1140,Becky Martin,1857.69,43.71000000000001,6,309.615
TH-11100,Thea Hendricks,1856.19,364.71,4,464.0475
PG-8820,Patrick Gardner,1846.56,348.27000000000004,6,307.76
CB-2025,Cassandra Brandow,1840.8899999999999,307.56,5,368.178
RH-9510,Rick Huthwaite,1837.788,-136.332,7,262.54114285714286
LP-7080,Liz Pelletier,1831.338,-3.641999999999996,7,261.6197142857143
GW-4605,Giulietta Weimer,1830.789,264.339,8,228.848625
LC-6885,Lena Creighton,1828.086,-152.96399999999997,9,203.12066666666666
TT-11220,Thomas Thornton,1826.4,472.38,9,202.93333333333334
GB-4575,Giulietta Baptist,1821.912,12.251999999999995,6,303.652
CD-1920,Carlos Daly,1821.219,277.17900000000003,4,455.30475
RR-9315,Ralph Ritter,1820.85,534.6,4,455.2125
AH-690,Anna Häberlin,1817.898,-329.83200000000005,5,363.57959999999997
DN-3690,Duane Noonan,1815.954,-477.876,5,363.19079999999997
TB-11625,Trudy Brown,1810.752,-366.858,5,362.1504
PB-9105,Peter Bühler,1808.208,320.538,4,452.052
EB-3840,Ellis Ballard,1797.738,382.248,6,299.623
LB-6795,Laurel Beltran,1796.115,-212.14499999999998,8,224.514375
KH-6630,Ken Heidel,1795.866,300.306,5,359.1732
SC-10230,Scot Coram,1793.907,286.31699999999995,3,597.9689999999999
NS-8640,Noel Staavos,1771.437,-297.33299999999997,8,221.429625
AB-60,Adam Bellavance,1770.2279999999998,465.918,9,196.69199999999998
KN-6450,Kean Nguyen,1767.282,-255.378,8,220.91025
BP-1095,Bart Pistole,1759.668,384.828,6,293.27799999999996
JL-5235,Janet Lee,1751.712,359.742,4,437.928
DL-3315,Delfina Latchford,1746.87,533.31,6,291.145
PH-8790,Patricia Hirasaki,1746.8400000000001,353.54999999999995,8,218.35500000000002
JS-5880,John Stevenson,1745.997,-979.6529999999999,6,290.9995
MY-7380,Maribeth Yedwab,1745.5739999999998,633.174,4,436.39349999999996
CM-2445,Chuck Magee,1741.578,288.528,4,435.3945
NF-8595,Nicole Fjeld,1731.936,-67.40400000000001,5,346.3872
BF-975,Barbara Fisher,1730.232,616.722,8,216.279
EJ-3720,Ed Jacobs,1727.964,197.004,8,215.9955
ME-7320,Maria Etezadi,1720.1879999999999,58.908000000000015,10,172.0188
RM-9675,Robert Marley,1715.094,-268.26599999999996,8,214.38675
JC-5775,John Castell,1712.487,37.91699999999999,5,342.4974
SM-10905,Susan MacKendrick,1711.992,247.782,5,342.3984
PS-8760,Pamela Stobb,1706.202,-192.19799999999992,5,341.2404
BM-1575,Brendan Murry,1703.982,471.67199999999997,9,189.33133333333333
MB-8085,Mick Brown,1703.508,359.658,8,212.9385
AG-300,Aleksandra Gannaway,1703.31,-1072.62,6,283.885
AF-870,Art Ferguson,1700.082,542.232,9,188.89800000000002
AG-900,Arthur Gainer,1699.47,-146.52000000000004,4,424.8675
BW-1110,Bart Watters,1696.83,258.42,10,169.683
KH-6690,Kristen Hastings,1696.014,3.083999999999989,7,242.28771428571426
JO-5280,Jas O'Carroll,1694.8500000000001,702.69,4,423.71250000000003
ML-8040,Michelle Lonsdale,1690.896,315.906,7,241.55657142857143
AC-420,Alyssa Crouse,1689.675,237.555,9,187.74166666666667
DO-3645,Doug O'Connell,1689.252,-181.09800000000004,5,337.8504
AS-240,Alan Shonely,1686.51,545.07,5,337.302
MH-7290,Marc Harrigan,1685.34,365.40000000000003,3,561.78
BS-1755,Bruce Stewart,1679.76,-697.77,5,335.952
JR-5700,Jocasta Rupert,1673.163,116.67300000000002,6,278.8605
CS-2490,Cindy Schnelling,1664.13,611.13,3,554.71
HK-4890,Heather Kirkland,1656.966,187.98600000000005,6,276.161
MS-7980,Michael Stewart,1654.644,412.73400000000004,5,330.9288
TT-11460,Tonja Turnell,1649.784,-160.14600000000002,8,206.223
MG-8205,Mitch Gastineau,1648.944,282.204,7,235.56342857142857
SB-10170,Sarah Bern,1647.24,24.060000000000016,5,329.448
RC-9960,Ryan Crowe,1639.965,365.92499999999995,5,327.993
DS-3030,Darrin Sayre,1636.512,419.322,6,272.752
TS-11340,Toby Swindell,1631.316,225.84599999999998,5,326.2632
MA-7560,Matt Abelman,1628.166,-264.17400000000004,4,407.0415
CS-1860,Cari Schnelling,1618.674,349.554,9,179.85266666666666
JK-5205,Jamie Kunitz,1617.6,404.22,5,323.52
AS-45,Aaron Smayling,1616.334,-291.756,3,538.778
VP-11760,Victoria Pisteka,1615.662,374.712,3,538.554
GH-4410,Gary Hansen,1610.22,566.34,9,178.91333333333333
CA-2055,Cathy Armstrong,1601.73,131.4,3,533.91
CS-1845,Cari Sayre,1593.3120000000001,-359.658,8,199.16400000000002
GM-4680,Greg Matthias,1590.402,466.902,6,265.067
JG-5160,James Galang,1588.116,50.105999999999995,8,198.5145
DK-3150,David Kendrick,1577.874,114.41399999999999,14,112.70528571428572
KL-6645,Ken Lonsdale,1576.296,-657.7139999999999,5,315.2592
TB-11280,Toby Braunhardt,1574.322,193.032,9,174.92466666666667
JS-6030,Joy Smith,1573.038,572.448,4,393.2595
TT-11070,Ted Trevino,1572.33,621.96,2,786.165
BD-1560,Brendan Dodson,1564.02,114.83999999999997,5,312.804
SC-10380,Shahid Collister,1556.16,410.13,4,389.04
MC-7590,Matt Collister,1554.06,569.58,3,518.02
KH-6510,Keith Herrera,1544.34,483.03000000000003,7,220.61999999999998
JM-5865,John Murray,1544.268,83.86800000000001,6,257.378
FC-4245,Frank Carlisle,1540.6380000000001,288.468,6,256.773
NM-8520,Neoma Murray,1540.53,511.65,1,1540.53
BT-1530,Bradley Talbott,1535.781,522.8009999999999,7,219.39728571428572
KT-6465,Kean Takahito,1532.124,398.00399999999996,7,218.87485714285714
EK-3795,Eileen Kiefer,1531.083,172.35299999999998,6,255.18050000000002
MS-7710,Maurice Satty,1529.46,94.8,8,191.1825
CC-2670,Craig Carreira,1527.5819999999999,268.602,6,254.59699999999998
RS-9765,Roland Schwarz,1524.1499999999999,425.85,6,254.02499999999998
PN-8775,Parhena Norris,1522.1100000000001,475.71,5,304.422
LW-7215,Luke Weiss,1522.014,-145.17599999999996,5,304.40279999999996
DP-3165,David Philippe,1517.952,-973.788,6,252.992
MF-8250,Monica Federle,1517.5500000000002,300.93,6,252.92500000000004
ON-8715,Odella Nelson,1507.758,-995.862,5,301.5516
NC-8415,Nathan Cano,1503.426,46.65600000000002,5,300.6852
DL-2865,Dan Lawera,1502.964,145.704,7,214.70914285714284
MT-7815,Meg Tillman,1500.588,-501.582,6,250.09799999999998
HH-5010,Hilary Holden,1497.57,323.01,3,499.19
MC-7425,Mark Cousins,1489.851,-1129.299,5,297.97020000000003
JF-5490,Jeremy Farry,1487.385,151.785,7,212.48357142857142
CA-2775,Cynthia Arntzen,1485.897,-714.213,4,371.47425
SW-10275,Scott Williamson,1480.578,159.258,5,296.1156
SN-10560,Skye Norling,1480.104,-110.856,6,246.684
AH-120,Adrian Hane,1478.0819999999999,376.24199999999996,4,369.52049999999997
HG-5025,Hunter Glantz,1476.612,175.272,7,210.94457142857144
PF-9225,Phillip Flathmann,1474.272,-672.768,7,210.6102857142857
SC-10695,Steve Chapman,1468.8990000000001,-350.481,4,367.22475000000003
GA-4725,Guy Armstrong,1460.796,-240.294,4,365.199
MS-7530,MaryBeth Skach,1456.806,-163.074,8,182.10075
KD-6495,Keith Dawkins,1454.76,333.21000000000004,4,363.69
CM-2190,Charlotte Melton,1451.49,-480.68999999999994,4,362.8725
PM-8940,Paul MacIntyre,1448.856,252.066,9,160.984
CW-1905,Carl Weiss,1436.31,371.55,4,359.0775
CC-2550,Clay Cheatham,1433.3999999999999,357.09,5,286.67999999999995
PO-8850,Patrick O'Brill,1432.9859999999999,529.086,4,358.24649999999997
CL-2700,Craig Leslie,1432.374,106.884,4,358.0935
CJ-1875,Carl Jackson,1431.432,100.182,6,238.572
BP-1185,Ben Peterman,1430.616,-645.534,10,143.0616
KA-6525,Kelly Andreada,1429.884,101.48400000000001,7,204.26914285714287
PM-9135,Peter McVee,1429.296,369.786,6,238.216
SG-10890,Susan Gilcrest,1424.778,301.00800000000004,6,237.463
DK-3225,Dean Katz,1407.984,108.774,8,175.998
AB-165,Alan Barnes,1399.776,106.59600000000002,6,233.29600000000002
RW-9690,Robert Waldorf,1398.996,-175.254,8,174.8745
PS-8970,Paul Stevenson,1395.948,-371.23199999999997,4,348.987
TS-11085,Thais Sissman,1390.68,249.12,8,173.835
CM-2655,Corinna Mitchell,1389.834,-221.10599999999997,12,115.8195
CD-1980,Carol Darley,1380.228,231.918,7,197.17542857142857
RR-9525,Rick Reed,1376.91,51.18000000000001,7,196.70142857142858
DP-3390,Dennis Pardue,1376.1299999999999,318.36,6,229.355
MD-7350,Maribeth Dona,1374.198,189.678,6,229.03300000000002
SC-10845,Sung Chung,1368.1200000000001,261.65999999999997,4,342.03000000000003
CS-2130,Chad Sievert,1367.268,-645.5219999999999,4,341.817
MS-7365,Maribeth Schnelling,1365.54,229.02,5,273.108
LT-6765,Larry Tron,1365.33,264.99,4,341.3325
CR-2730,Craig Reiter,1359.576,-212.60399999999998,11,123.59781818181818
SJ-10215,Sarah Jordon,1359.252,179.052,9,151.028
JL-5175,James Lanier,1353.09,433.14,5,270.618
MM-7920,Michael Moore,1350.03,234.69,6,225.005
BE-1455,Brad Eason,1340.31,460.11,2,670.155
NP-8325,Naresj Patel,1336.686,31.53599999999998,8,167.08575
SM-10950,Suzanne McNair,1336.308,161.418,9,148.47866666666667
YS-11880,Yana Sorensen,1328.832,358.81199999999995,6,221.472
JD-5790,John Dryer,1323.072,-905.028,5,264.6144
BE-1335,Bill Eplett,1321.1490000000001,-380.691,5,264.2298
GA-4515,George Ashbrook,1318.389,-316.13100000000003,7,188.3412857142857
CS-2355,Christine Sundaresam,1307.16,114.48,9,145.24
BT-1305,Beth Thompson,1305.96,-44.24999999999999,10,130.596
AM-705,Anne McFarland,1303.77,509.94,6,217.295
DF-3135,David Flashing,1301.652,-110.928,4,325.413
DJ-3630,Doug Jacobs,1293.9479999999999,469.87800000000004,6,215.658
DK-2895,Dana Kaydos,1292.13,282.9,6,215.35500000000002
AT-435,Alyssa Tate,1287.993,-221.36700000000002,12,107.33274999999999
CV-2295,Christina VanderZanden,1283.241,-521.109,9,142.58233333333334
RP-9270,Rachel Payne,1274.352,394.812,6,212.39200000000002
VT-11700,Valerie Takahito,1271.442,178.572,7,181.63457142857143
VM-11835,Vivian Mathis,1270.4099999999999,338.07,3,423.46999999999997
SB-10185,Sarah Brown,1268.436,223.296,7,181.20514285714285
EB-4170,Evan Bailliet,1267.6200000000001,288.84,6,211.27
TP-11130,Theone Pippenger,1261.449,109.479,6,210.2415
MH-8115,Mick Hernandez,1260.702,237.522,7,180.10028571428572
SV-10365,Seth Vernon,1256.472,258.252,5,251.2944
VW-11775,Victoria Wilson,1253.166,252.486,5,250.6332
NC-8535,Nick Crebassa,1250.871,-79.599,7,178.69585714285716
PC-8745,Pamela Coakley,1246.56,484.22999999999996,5,249.31199999999998
MK-7905,Michael Kennedy,1244.955,-71.445,11,113.17772727272727
SW-10350,Sean Wendt,1244.454,-4.896000000000003,9,138.27266666666665
DW-3195,David Wiener,1241.2259999999999,115.716,4,310.30649999999997
PW-9240,Pierre Wener,1237.53,104.88000000000001,7,176.79
CB-2415,Christy Brittain,1232.568,-184.81199999999998,4,308.142
PO-9180,Philisse Overcash,1231.068,-380.952,9,136.78533333333334
VD-11670,Valerie Dominguez,1230.051,-211.749,9,136.6723333333333
FW-4395,Fred Wasserman,1220.811,32.031000000000006,8,152.601375
LC-6870,Lena Cacioppo,1220.451,128.421,8,152.556375
DW-3540,Don Weiss,1216.587,-1046.163,4,304.14675
JK-6090,Juliana Krohn,1215.516,-1397.124,5,243.10320000000002
CD-2280,Christina DeMoss,1205.04,224.4,7,172.14857142857142
JM-6195,Justin MacKendrick,1200.492,205.482,8,150.0615
HP-4815,Harold Pawlan,1196.682,244.00199999999998,5,239.3364
VG-11805,Vivek Grady,1190.22,140.31000000000003,4,297.555
CR-2820,Cyra Reiten,1188.012,-78.46800000000002,8,148.5015
MH-7620,Matt Hagelstein,1179.666,168.006,7,168.52371428571428
HW-4935,Helen Wasserman,1174.824,-98.586,7,167.83200000000002
ML-8265,Muhammed Lee,1170.72,276.78000000000003,9,130.08
KB-6600,Ken Brennan,1167.738,158.898,11,106.158
LS-7230,Lycoris Saunders,1164.348,-569.292,10,116.4348
SZ-10035,Sam Zeldin,1164.15,130.62,4,291.0375
PC-9000,Pauline Chand,1160.43,313.71,4,290.1075
DL-3330,Denise Leinenbach,1159.3500000000001,94.74000000000001,3,386.45000000000005
CC-2145,Charles Crestani,1158.18,-164.13,6,193.03
SD-10485,Shirley Daniels,1157.3429999999998,216.303,8,144.66787499999998
GT-4635,Grant Thornton,1145.01,212.16,7,163.57285714285715
MJ-7740,Max Jones,1136.898,382.968,4,284.2245
VS-11820,Vivek Sundaresam,1136.214,126.534,7,162.3162857142857
JM-5265,Janet Molinari,1131.912,156.102,4,282.978
TS-11160,Theresa Swint,1130.07,194.67,5,226.01399999999998
HJ-4875,Heather Jas,1121.22,294.24,6,186.87
CG-2520,Claire Gute,1116.204,168.44400000000002,7,159.45771428571427
TB-11190,Thomas Brumley,1115.3700000000001,179.49,4,278.84250000000003
BP-1155,Becky Pak,1110.78,180.9,6,185.13
ML-7755,Max Ludwig,1108.5,260.34,7,158.35714285714286
HA-4905,Helen Abelman,1106.604,-235.626,4,276.651
MH-8025,Michelle Huthwaite,1095.426,-149.75400000000002,9,121.714
KC-6255,Karen Carlisle,1094.358,-160.212,8,136.79475
HE-4800,Harold Engle,1091.3220000000001,140.292,8,136.41525000000001
PR-8880,Patrick Ryan,1085.6399999999999,-953.7,5,217.128
PW-9030,Pauline Webber,1081.002,-377.59799999999996,7,154.42885714285714
GT-4710,Greg Tran,1079.0639999999999,49.284,4,269.76599999999996
SG-10080,Sandra Glassco,1078.728,331.908,6,179.788
GH-4665,Greg Hansen,1077.069,-293.27099999999996,9,119.67433333333332
MW-8235,Mitch Willingham,1070.772,325.75199999999995,6,178.462
RD-9480,Rick Duston,1061.73,270.51,6,176.955
NB-8580,Nicole Brennan,1059.477,-586.173,7,151.35385714285715
JA-5970,Joseph Airdo,1057.227,153.357,7,151.0324285714286
IL-5100,Ivan Liston,1052.808,-63.16199999999999,7,150.40114285714284
LE-6810,Laurel Elliston,1049.52,287.91,6,174.92
ML-7395,Marina Lichtenstein,1049.4,142.26000000000002,7,149.91428571428574
HM-4860,Harry Marie,1042.77,413.4,4,260.6925
CC-2430,Chuck Clark,1041.57,160.59,2,520.785
JR-6210,Justin Ritter,1033.29,84.81,6,172.215
EM-3810,Eleni McCrary,1032.879,232.56900000000002,6,172.14649999999997
RS-9870,Roy Skaria,1031.436,240.57600000000002,8,128.9295
CD-2790,Cynthia Delaney,1030.788,73.818,7,147.25542857142858
AC-450,Amy Cox,1026.597,-125.19300000000001,7,146.6567142857143
CC-2100,Chad Cunningham,1020.048,238.368,5,204.0096
JB-5925,Joni Blumstein,1012.092,-518.628,8,126.5115
XP-11865,Xylona Preis,1011.798,65.148,3,337.266
LP-7095,Liz Preis,1011.36,119.37,4,252.84
EH-3765,Edward Hooks,1010.382,-1014.768,9,112.26466666666666
BF-1275,Beth Fritzler,1009.9739999999999,96.384,7,144.28199999999998
AG-495,Andrew Gjertsen,1003.9920000000001,-106.848,11,91.272
GG-4650,Greg Guthrie,1000.422,31.932000000000002,5,200.08440000000002
AP-720,Anne Pryor,999.699,55.29900000000001,6,166.6165
PK-9075,Pete Kriz,992.784,-505.686,3,330.928
MC-7845,Michael Chen,991.728,148.698,4,247.932
LH-7020,Lisa Hazard,973.212,297.732,3,324.404
DB-3555,Dorothy Badders,971.1120000000001,299.262,3,323.704
NS-8505,Neola Schneider,962.8530000000001,-1166.547,5,192.5706
BS-1365,Bill Shonely,957.63,288.18,5,191.526
LS-7245,Lynn Smith,953.151,-380.049,6,158.8585
MV-7485,Mark Van Huff,952.536,159.756,5,190.50719999999998
CK-2205,Chloris Kastensmidt,950.697,-345.393,5,190.1394
RF-9735,Roland Fjeld,950.13,298.77,3,316.71
PK-8910,Paul Knutson,948.456,-627.654,4,237.114
ST-10530,Shui Tom,943.26,159.54,6,157.21
SS-10590,Sonia Sunley,940.38,354.18,3,313.46
EB-3750,Edward Becker,939.153,118.563,6,156.5255
MO-7950,Michael Oakman,933.192,252.132,3,311.064
RM-9750,Roland Murray,929.175,-64.545,7,132.7392857142857
AI-855,Arianne Irving,919.974,-74.58599999999998,4,229.9935
SC-10095,Sanjit Chand,918.522,99.16199999999999,7,131.21742857142857
JE-5475,Jeremy Ellison,914.178,94.84800000000001,8,114.27225
BF-1170,Ben Ferrer,904.9200000000001,275.88,6,150.82000000000002
SP-10920,Susan Pistek,896.391,-165.219,4,224.09775
KM-6225,Kalyca Meade,891.3629999999999,142.293,3,297.121
DB-3270,Deborah Brumfield,886.23,219.78,2,443.115
JH-5430,Jennifer Halladay,883.476,113.496,9,98.164
LW-6825,Laurel Workman,881.754,166.794,11,80.15945454545455
JM-5580,Jill Matthias,880.3230000000001,176.52300000000002,5,176.0646
SA-10830,Sue Ann Reed,872.676,-56.544,10,87.2676
VM-11685,Valerie Mitchum,858.978,-94.96200000000002,6,143.16299999999998
TP-11565,Tracy Poddar,857.37,145.17,5,171.474
TB-11175,Thomas Boland,850.326,175.356,4,212.5815
JM-5535,Jessica Myrick,847.827,-101.31299999999999,5,169.5654
FM-4380,Fred McMath,843.54,-445.59,6,140.59
LH-6900,Lena Hernandez,840.792,1.991999999999971,3,280.264
JG-5310,Jason Gross,836.994,158.72400000000002,5,167.3988
DL-2925,Daniel Lacy,831.996,-303.354,7,118.85657142857143
SO-10335,Sean O'Donnell,831.498,17.417999999999992,4,207.8745
PS-9045,Penelope Sewall,829.356,-87.38399999999999,7,118.47942857142857
MC-8130,Mike Caudle,826.35,79.47,5,165.27
BB-990,Barry Blumstein,822.288,122.358,7,117.46971428571429
BS-1590,Brendan Sweed,819.4499999999999,262.23,5,163.89
FP-4320,Frank Preis,816.582,96.55199999999999,5,163.3164
FA-4230,Frank Atkinson,814.572,250.932,6,135.762
KD-6270,Karen Daniels,813.06,-1023.54,1,813.06
MO-7500,Mary O'Rourke,810.8699999999999,-54.45,5,162.17399999999998
BT-1680,Brian Thompson,807.36,131.64,4,201.84
JS-5595,Jill Stevenson,806.691,-723.759,6,134.4485
PJ-8835,Patrick Jones,801.405,-870.135,6,133.5675
DC-3285,Debra Catini,800.004,-178.05599999999998,4,200.001
GH-4485,Gene Hale,794.622,95.20199999999998,4,198.6555
GM-4695,Greg Maxwell,791.502,59.922,7,113.07171428571428
VB-11745,Victoria Brennan,783.63,190.82999999999998,4,195.9075
CC-2610,Corey Catlett,782.3879999999999,52.81800000000001,3,260.796
AW-930,Arthur Wiediger,782.0550000000001,95.085,6,130.3425
TD-10995,Tamara Dahlen,780.378,-769.812,3,260.12600000000003
DL-3495,Dionis Lloyd,773.604,-913.8960000000001,5,154.7208
SP-10650,Stephanie Phelps,770.895,-56.47500000000001,6,128.4825
Co-2640,Corey-Lock,767.637,-99.12299999999998,5,153.5274
GK-4620,Grace Kelly,764.601,-115.869,4,191.15025
PL-8925,Paul Lucas,759.21,223.53000000000003,3,253.07000000000002
JE-5610,Jim Epp,756.855,-408.165,6,126.1425
TB-11595,Troy Blackwell,752.0699999999999,219.63,4,188.01749999999998
JW-6075,Julia West,747.21,272.52,4,186.8025
LH-6750,Larry Hughes,745.65,44.18999999999999,5,149.13
TZ-11445,Tom Zandusky,745.14,250.76999999999998,7,106.44857142857143
GM-4440,Gary McGarr,735.216,233.736,8,91.902
EN-3780,Edward Nazzal,734.856,-240.834,8,91.857
BF-1005,Barry Franz,732.033,176.433,2,366.0165
TC-11295,Toby Carlisle,730.908,233.928,5,146.1816
LS-6975,Lindsay Shagiari,716.184,40.194,5,143.2368
TG-11310,Toby Gnade,714.417,243.537,3,238.139
CS-1950,Carlos Soltero,714.072,148.002,5,142.8144
SN-10710,Steve Nguyen,702.24,89.39999999999999,4,175.56
GD-4590,Giulietta Dortch,700.692,61.632000000000005,4,175.173
MC-7635,Matthew Clasen,695.286,113.796,4,173.8215
BG-1740,Bruce Geld,692.454,-658.2959999999999,4,173.1135
BD-1605,Brian Dahlen,689.64,224.48999999999998,5,137.928
BV-1245,Benjamin Venier,684.264,-595.296,3,228.088
AD-180,Alan Dominguez,681.288,-510.762,3,227.096
EH-3990,Erica Hackney,672.489,4.599,6,112.0815
DB-3120,David Bremer,671.232,-242.118,4,167.808
HA-4920,Helen Andreada,670.674,103.794,6,111.779
CK-2595,Clytie Kelty,662.28,197.79,3,220.76
MC-8100,Mick Crebagga,659.34,205.44,3,219.78
SH-10635,Stefanie Holloman,658.98,129.87,4,164.745
AA-375,Allen Armold,654.492,77.442,8,81.8115
AH-465,Amy Hunt,650.826,106.446,4,162.7065
TS-11205,Thomas Seio,641.646,-0.8939999999999939,3,213.88199999999998
CA-2310,Christine Abelman,636.0600000000001,139.23000000000002,5,127.21200000000002
KE-6420,Katrina Edelman,622.452,100.392,4,155.613
BO-1350,Bill Overfelt,616.236,-139.974,6,102.706
SE-10110,Sanjit Engle,613.71,152.16,3,204.57000000000002
Dp-3240,Dean percer,609.3,136.47,7,87.04285714285713
JC-5340,Jasper Cacioppo,606.105,98.50500000000001,6,101.0175
VF-11715,Vicky Freymann,602.352,4.721999999999992,4,150.588
RB-9570,Rob Beeghly,586.761,-150.189,5,117.3522
CM-2385,Christopher Martinez,580.614,-19.926,4,145.1535
HL-5040,Hunter Lopez,579.336,159.066,4,144.834
RF-9840,Roy Französisch,571.722,-210.438,6,95.28699999999999
AR-405,Allen Rosenblatt,571.11,31.20000000000001,6,95.185
MP-7965,Michael Paige,567.093,177.483,8,70.886625
AR-540,Andy Reiter,561.6,88.17,8,70.2
CL-1890,Carl Ludwig,560.745,83.475,9,62.305
RW-9630,Rob Williams,560.01,252.60000000000002,2,280.005
LF-7185,Luke Foster,556.518,55.848,5,111.3036
SS-10875,Sung Shariari,556.314,-707.826,4,139.0785
FC-4335,Fred Chung,550.95,166.76999999999998,4,137.7375
DB-3405,Denny Blanton,548.682,-30.257999999999996,2,274.341
MS-7770,Maxwell Schwartz,538.56,166.11,6,89.75999999999999
KD-6345,Katherine Ducich,536.46,65.7,6,89.41000000000001
AG-330,Alex Grayson,532.545,77.505,7,76.07785714285714
GB-4530,George Bell,525.9,95.67,5,105.17999999999999
ED-3885,Emily Ducich,525.474,-360.816,8,65.68425
RK-9300,Ralph Kennedy,519.12,117.78,4,129.78
CG-2040,Catherine Glotzbach,518.94,-395.90999999999997,5,103.78800000000001
DB-2970,Darren Budd,513.03,123.72,4,128.2575
KC-6540,Kelly Collister,505.893,14.223000000000004,7,72.27042857142857
SP-10860,Sung Pak,503.496,62.13600000000001,2,251.748
RA-9885,Ruben Ausman,503.26800000000003,-99.492,8,62.908500000000004
BG-1695,Brooke Gillingham,488.84999999999997,-151.64999999999998,5,97.77
GM-4455,Gary Mitchum,488.43,-234.11999999999998,4,122.1075
EP-3915,Emily Phan,487.95000000000005,-55.61999999999999,3,162.65
SV-10935,Susan Vittorini,487.746,-331.694,3,162.582
AO-810,Anthony O'Donnell,485.007,64.707,5,97.0014
SC-10020,Sam Craven,476.334,-115.506,4,119.0835
AG-390,Allen Goldenen,473.112,-548.478,4,118.278
AS-225,Alan Schoenberger,469.515,-215.025,7,67.07357142857143
BS-1380,Bill Stewart,469.458,38.328,5,93.89160000000001
LR-6915,Lena Radford,468.654,-232.74599999999998,3,156.218
DW-3585,Dorothy Wardle,461.87399999999997,48.744,4,115.46849999999999
CM-1935,Carlos Meador,459.294,125.274,7,65.61342857142857
SJ-10500,Shirley Jackson,454.06800000000004,34.577999999999996,3,151.35600000000002
TS-11655,Trudy Schmidt,452.88,73.17,6,75.48
BT-1395,Bill Tyler,448.848,-199.03199999999998,4,112.212
NC-8625,Noah Childs,442.32,33.0,2,221.16
TB-11355,Todd Boyes,438.162,-321.978,8,54.77025
AS-90,Adam Shillingsburg,435.204,76.314,4,108.801
NB-8655,Nona Balk,434.616,-83.66399999999999,5,86.9232
VP-11730,Victor Preis,432.0,-508.41,4,108.0
CM-1815,Candace McMahon,431.874,82.854,5,86.37480000000001
JK-5640,Jim Kriz,428.43,103.17,4,107.1075
KW-6435,Katrina Willman,427.28999999999996,80.97,4,106.82249999999999
SS-10515,Shirley Schmidt,424.53,130.38,3,141.51
CT-1995,Carol Triggs,422.778,-71.592,2,211.389
RA-9915,Russell Applegate,420.65999999999997,85.44,2,210.32999999999998
DJ-3420,Denny Joy,419.64,82.25999999999999,4,104.91
SP-10545,Sibella Parks,418.32,51.09,4,104.58
RB-9360,Raymond Buch,404.508,-70.90199999999999,4,101.127
AT-735,Annie Thurman,403.65000000000003,143.07,5,80.73
TZ-11580,Tracy Zic,403.014,-275.076,5,80.6028
BF-1215,Benjamin Farhat,398.91900000000004,-237.591,5,79.78380000000001
BC-1125,Becky Castell,396.042,-269.718,6,66.00699999999999
HR-4830,Harold Ryan,391.93800000000005,-61.842,3,130.64600000000002
KC-6675,Kimberly Carter,391.842,-120.948,3,130.614
QJ-9255,Quincy Jones,387.051,-164.409,5,77.4102
DB-3210,Dean Braden,387.021,-54.159000000000006,7,55.288714285714285
VG-11790,Vivek Gonzalez,386.172,47.442,4,96.543
RS-9420,Ricardo Sperren,385.44,52.62,7,55.06285714285714
BP-1290,Beth Paige,383.34000000000003,99.27,4,95.83500000000001
EM-3825,Elizabeth Moffitt,378.258,-30.072000000000003,6,63.043
LD-7005,Lisa DeCherney,361.686,-87.20399999999998,6,60.281
PP-8955,Paul Prost,359.061,-214.65900000000002,3,119.687
AF-885,Art Foster,354.99,88.32,2,177.495
HG-4965,Henry Goldwyn,354.588,9.737999999999994,5,70.91760000000001
LS-7200,Luke Schmidt,340.656,-102.47399999999999,4,85.164
NZ-8565,Nick Zandusky,328.584,-166.56599999999997,4,82.146
SC-10575,Sonia Cooley,328.02,41.64,2,164.01
TW-11025,Tamara Willingham,323.109,-137.87099999999998,8,40.388625
KN-6390,Katherine Nockton,318.72,77.37,3,106.24000000000001
FG-4260,Frank Gastineau,308.211,-123.939,9,34.245666666666665
JW-5955,Joni Wasserman,307.8,32.31,2,153.9
MG-7650,Matthew Grinstein,301.71,27.15,1,301.71
TM-11010,Tamara Manning,300.666,-270.50399999999996,3,100.222
SP-10620,Stefania Perrino,299.568,-225.01200000000003,5,59.913599999999995
CY-2745,Craig Yedwab,293.034,-179.01600000000002,4,73.2585
BK-1260,Berenike Kampe,291.564,58.224000000000004,6,48.594
TH-11550,Tracy Hopkins,283.83,-24.209999999999997,5,56.766
RB-9645,Robert Barroso,282.594,-114.156,3,94.198
SR-10425,Sharelle Roach,281.20799999999997,-6.462000000000003,5,56.24159999999999
DK-3090,Dave Kipp,273.76800000000003,76.128,3,91.25600000000001
OT-8730,Olvera Toch,265.05,33.24,4,66.2625
RB-9795,Ross Baird,255.288,26.868000000000002,5,51.0576
NL-8310,Nancy Lomonaco,251.322,26.352000000000004,2,125.661
CM-2235,Chris McAfee,243.03,-66.3,5,48.606
KB-6405,Katrina Bavinger,238.548,-105.762,3,79.516
CJ-2010,Caroline Jumper,223.56,30.87,3,74.52
KS-6300,Karen Seio,221.61,33.69,4,55.4025
KB-6585,Ken Black,216.78000000000003,-47.19,2,108.39000000000001
MC-7605,Matt Connell,208.41,70.67999999999999,2,104.205
JG-5805,John Grady,208.38,-112.44,3,69.46
BB-1545,Brenda Bowman,207.228,52.187999999999995,5,41.4456
KD-6615,Ken Dana,205.98,30.18,3,68.66
JK-5325,Jason Klamczynski,203.38799999999998,-36.97200000000001,3,67.79599999999999
ML-7410,Maris LaWare,193.134,-184.446,3,64.378
KM-6660,Khloe Miller,188.544,-40.446,3,62.848000000000006
TN-11040,Tanja Norvell,187.35,26.310000000000002,2,93.675
DS-3180,David Smith,185.136,43.626,2,92.568
EB-3870,Emily Burns,184.872,-166.818,5,36.9744
WB-11850,William Brown,182.532,-146.59799999999998,2,91.266
JE-5715,Joe Elijah,180.29999999999998,-27.119999999999997,7,25.757142857142856
YC-11895,Yoseph Carroll,166.299,22.269,4,41.57475
MF-7665,Maureen Fritzler,161.91,3.42,3,53.97
ME-8010,Michelle Ellison,160.5,15.9,1,160.5
CB-2535,Claudia Bergmann,147.12,-234.69,2,73.56
EA-4035,Erin Ashbrook,131.808,0.8879999999999981,3,43.936
SH-10395,Shahid Hopkins,129.03,-52.83,4,32.2575
BG-1035,Barry Gonzalez,124.416,-219.804,1,124.416
FH-4275,Frank Hawley,113.064,8.154000000000002,5,22.6128
FH-4350,Fred Harton,110.481,-71.829,3,36.827
SC-10800,Stuart Calhoun,89.286,-77.844,2,44.643
DK-2985,Darren Koutras,81.432,-78.888,1,81.432
MG-7875,Michael Grace,80.19,15.87,1,80.19
MP-7470,Mark Packer,58.11,-58.38,2,29.055
BD-1500,Bradley Drucker,52.047,-31.293,3,17.349
RC-9825,Roy Collins,37.44,0.0,1,37.44
MG-7890,Michael Granlund,19.128,-22.482,1,19.128
ZC-11910,Zuschuss Carroll,7.173,-15.567,1,7.173
