Region,Sub_Category,Sales,Profit,Quantity,Orders,Profit_Margin_%
Central,Phones,370198.044,47368.0687,2661,676,12.795331976416385
Central,Chairs,328571.437,37088.6231,2719,665,11.287841523485804
Central,Copiers,322961.87864,44751.15994,1614,417,13.856483659448655
Central,Bookcases,315419.4148,29459.3237,1894,483,9.339730630937687
Central,Storage,292402.309,30464.3135,4377,1057,10.418629594337437
Central,Appliances,214858.139,19681.1685,1518,395,9.160075848930257
South,Phones,190235.286,4606.9633,1668,407,2.4217185974635647
South,Bookcases,186548.963,28962.3028,1209,316,15.525308923856093
North,Phones,180421.214,33028.814,1063,262,18.306502471488745
South,Copiers,179158.15788,27700.84858,1074,294,15.461673031129292
North,Copiers,175889.89352,36881.84352,965,249,20.968711039560812
Central,Accessories,174093.406,32534.9506,2577,633,18.68821533654181
Central,Machines,171196.332,10884.2414,1127,289,6.357753856548749
Oceania,Chairs,170284.206,15028.326000000001,1119,286,8.825437398463132
South,Chairs,164270.016,9303.5893,1684,402,5.663595540162363
Oceania,Copiers,163207.545,21596.535,808,207,13.232559193265237
North,Bookcases,159670.628,20265.558,1009,253,12.692101392624322
South,Appliances,148318.529,28718.9626,877,233,19.3630308995311
Oceania,Bookcases,144835.617,13388.697,700,184,9.244063910053285
South,Storage,139968.456,151.14250000000013,2428,578,0.10798325874224128
Central,Tables,133129.9845,-21550.1069,624,161,-16.187267639920744
Central Asia,Phones,132714.81,23108.04,617,140,17.41180204379602
Central,Binders,130254.435,12967.516099999999,5538,1222,9.955527502767946
North Asia,Bookcases,130066.917,25656.807,566,130,19.72585157838407
North Asia,Chairs,129337.149,26508.849000000002,782,187,20.495928049256754
Oceania,Phones,126333.555,21477.075,815,205,17.000293389986535
Southeast Asia,Phones,124433.9112,13452.0912,715,179,10.810631177845673
North,Chairs,123578.694,9968.974,1319,312,8.066903506845605
North Asia,Copiers,123036.9,30090.27,524,135,24.456297257164316
Southeast Asia,Chairs,122680.7652,3229.6751999999997,1030,249,2.632584818602028
Central Asia,Bookcases,120160.662,21943.692,506,117,18.26195997488762
Southeast Asia,Copiers,116944.0752,11355.5352,629,172,9.710227029953886
Africa,Phones,114832.854,17694.564,614,248,15.408973463291261
EMEA,Phones,114520.605,2990.9249999999993,737,273,2.6116915816153776
North,Storage,112377.78600000001,15170.986,1816,444,13.499986554282179
Central,Art,112192.11,22381.2491,4520,1034,19.94904017760251
Southeast Asia,Bookcases,109759.8825,6667.3125,589,156,6.0744530224875195
North,Appliances,107380.538,19974.088,532,134,18.601218034500814
South,Tables,104892.468,-27012.3219,483,128,-25.752394251987663
North Asia,Phones,102872.22,23276.85,484,122,22.62695409897832
South,Accessories,102378.008,22701.4664,1520,376,22.174163029231824
West,Chairs,101781.328,4027.5843,734,191,3.9570954507490805
Oceania,Appliances,101549.721,12443.811,444,99,12.253909589766376
East,Phones,100614.982,12314.686,982,247,12.239415795949752
West,Phones,98684.352,9110.7426,1068,256,9.232205932709576
South,Machines,98224.634,-4801.139,477,134,-4.887917424054743
EMEA,Storage,98184.63,3452.5200000000004,1452,564,3.5163548510596825
Africa,Storage,96674.115,11915.085000000001,1286,522,12.325000337473996
East,Chairs,96260.683,9357.7706,676,157,9.721280078596575
Africa,Copiers,96257.682,14008.632,454,196,14.553261317886296
Southeast Asia,Appliances,94542.363,10556.673,387,103,11.16607694690263
EMEA,Bookcases,91736.916,7938.246,500,208,8.653273236261834
Central Asia,Copiers,91405.155,17811.704999999998,424,109,19.48654318238397
Central Asia,Chairs,90672.078,17435.238,663,171,19.228894257833158
West,Tables,84754.562,1482.6073000000001,481,114,1.749294981903157
Africa,Bookcases,83457.408,7164.918000000001,407,190,8.585119250288724
Central,Furnishings,83296.747,9553.0002,2398,621,11.468635383804363
EMEA,Copiers,80140.419,8178.309,408,181,10.204974096778805
North,Tables,71649.107,7012.057,241,67,9.786663496029336
East,Storage,71612.584,8389.3712,907,223,11.714939932903413
West,Storage,70532.852,8645.3222,1039,247,12.257156707628951
North,Machines,70209.205,13238.335,480,123,18.855554624212022
EMEA,Chairs,69816.54,-609.5699999999999,568,236,-0.8731025628024534
North,Accessories,69281.919,16123.499,1003,233,23.272304278985114
Africa,Machines,69104.415,5948.115,479,193,8.60743123286696
EMEA,Appliances,68270.178,3024.0480000000007,323,146,4.429529977203225
Oceania,Tables,66830.991,-229.71899999999988,181,51,-0.343731248875241
Oceania,Accessories,66543.42,7702.47,916,238,11.575103894569892
South,Binders,66406.997,8594.01,2987,679,12.941422422700427
East,Machines,66106.165,6928.642900000001,165,36,10.481084328519135
Oceania,Storage,65160.837,7706.187,882,223,11.8264088596652
Southeast Asia,Storage,63547.8294,2418.1494,981,230,3.8052431103177846
Africa,Appliances,62186.376,3670.2659999999996,313,138,5.90204195208288
EMEA,Machines,62029.416,2741.826,549,227,4.420202827639067
West,Accessories,61114.116,16484.5983,1032,236,26.97347090809593
South,Furnishings,60038.169,11398.0579,1687,404,18.98468605863047
Africa,Chairs,56038.374,2784.084,437,175,4.968174130105916
West,Binders,55961.113,16096.8016,1868,403,28.7642627836941
North Asia,Appliances,55909.35,12859.23,257,66,23.000142194463002
Central Asia,Appliances,55619.295,6268.995,222,54,11.271259371410586
North Asia,Tables,54300.432,-5470.578,167,40,-10.074649129863277
North Asia,Storage,53736.78,8481.960000000001,690,163,15.784272894654277
East,Binders,53497.996999999996,11267.9346,1652,384,21.062348558582485
East,Copiers,53219.462,17022.8418,71,20,31.98612154328054
Southeast Asia,Tables,52455.4149,-18618.3051,224,55,-35.493580854319006
Oceania,Machines,51918.462,3957.942,367,102,7.6233806771857
Central,Paper,51823.37,13199.0585,2829,683,25.469317221168748
Southeast Asia,Machines,51593.1531,4782.7431,427,102,9.270112045158177
Central Asia,Tables,51511.974,4189.853999999999,112,35,8.133747699127197
Central,Supplies,50603.544,7133.9939,1743,435,14.097814769653288
Caribbean,Copiers,50000.33304,7178.99304,366,104,14.357890444963326
West,Copiers,49749.242,19327.2351,88,25,38.84930568389364
South,Art,49614.423,8962.2476,2297,542,18.063794876743806
North Asia,Machines,48832.68,10307.91,343,79,21.108630531848753
Caribbean,Chairs,45187.123999999996,5416.384,581,148,11.986565022372304
East,Accessories,45033.372,11195.8644,724,191,24.861261555097407
EMEA,Accessories,44164.143000000004,3583.383,565,232,8.113783618534157
East,Bookcases,43819.334,-1167.6318,252,68,-2.6646498096023095
North,Art,43803.401,7691.121,1778,424,17.55827361441638
Central Asia,Accessories,43614.825,8026.185,497,120,18.402423946444816
West,Machines,42444.122,-618.9263999999998,147,39,-1.458214638059894
Africa,Accessories,42172.092,6478.182,484,210,15.36130102343512
Caribbean,Phones,40876.696,5608.316,400,100,13.72008148603791
Caribbean,Bookcases,39358.356,1949.176,340,87,4.952381649274172
EMEA,Tables,39333.921,2764.2509999999997,102,45,7.027651781778886
North Asia,Accessories,39296.745,8795.985,511,128,22.38349512154251
East,Tables,39139.807,-11025.3801,271,76,-28.169224493110047
Africa,Art,38435.793,3977.2529999999997,1497,549,10.34778442063105
EMEA,Art,38136.981,1452.3809999999999,1590,616,3.808327145769614
Central Asia,Machines,37962.525,7494.045,220,59,19.740638959078723
Central,Envelopes,37333.056,8156.0723,1801,463,21.84678452254217
Southeast Asia,Accessories,36780.2445,-8641.5255,696,175,-23.49501918074525
South,Paper,36270.556,9549.5234,2009,466,26.32858288690143
West,Bookcases,36004.1235,-1646.5117,306,79,-4.573119798347542
Africa,Tables,34532.595,4010.685,87,37,11.614201017907863
East,Appliances,34188.466,8391.4134,474,119,24.544574184755756
Central Asia,Storage,33630.315,6137.875,508,128,18.251018463549922
South,Supplies,32654.162,3765.0713,1195,294,11.530142160745084
North,Binders,31730.837,5226.057,2010,478,16.46996264233433
West,Appliances,30236.336,8261.2699,492,134,27.322324702305202
West,Furnishings,30072.73,7641.2704,1175,281,25.409300718624483
Caribbean,Appliances,30064.584,5596.684,209,51,18.615537803549852
East,Furnishings,29071.38,5881.4071,1015,256,20.230918174507025
Oceania,Furnishings,28517.19,3861.6,728,173,13.541306138508036
Southeast Asia,Furnishings,28490.640900000002,1451.5509,787,184,5.094834142534153
EMEA,Furnishings,27733.359,1441.209,610,244,5.196662257896708
EMEA,Binders,26667.219,2909.739,1570,609,10.911295249797138
West,Paper,26663.718,12119.2364,1702,384,45.452162372854374
Oceania,Supplies,24087.804,2286.4139999999998,873,217,9.491998523402133
Caribbean,Tables,23661.308,63.38800000000015,108,25,0.2678972776991033
South,Envelopes,23655.468,4017.139,1342,320,16.981862290781987
North,Supplies,23324.939,4258.789,951,225,18.258521490667135
North,Furnishings,22731.489,-6324.521,975,246,-27.82273083826581
Africa,Binders,22312.944,2658.774,1443,529,11.915836834440134
North,Envelopes,22133.537,4989.437,1081,270,22.54242961710096
Central Asia,Furnishings,22018.188000000002,5366.928,468,127,24.374975815448572
North Asia,Furnishings,22011.963,5486.223,477,121,24.92382437677185
Africa,Furnishings,20622.258,2302.398,500,204,11.164626104474106
Caribbean,Accessories,20291.518,3345.938,379,99,16.489342985576535
East,Paper,20172.602,9015.371,1400,332,44.691165770285856
Oceania,Binders,19823.184,2728.464,1072,272,13.764004813757467
Oceania,Paper,19608.483,2692.683,832,222,13.732235175969501
Oceania,Art,19424.973,2254.983,767,205,11.608680228281399
Caribbean,Storage,18670.068,2616.148,433,111,14.012525289141958
Central,Fasteners,18320.236,3593.3546,1817,466,19.614128333281297
West,Supplies,18127.122,626.0464999999999,238,68,3.4536453166696837
North Asia,Supplies,17292.66,3343.7400000000002,563,147,19.33618078421712
North,Paper,17004.613,3836.533,872,215,22.561718987665287
Southeast Asia,Binders,16741.9707,2395.2507,1018,246,14.306862333715586
North Asia,Art,16440.555,4101.225,550,135,24.945781939843272
Southeast Asia,Art,16316.6919,-1189.7981,700,189,-7.291907620073404
Southeast Asia,Supplies,15725.3676,-4034.2224,762,182,-25.654232718858673
Oceania,Envelopes,15658.452,1261.572,708,182,8.056811746141955
Central,Labels,15648.077,3737.9944,2005,513,23.88788347603351
Central Asia,Paper,14719.515,3006.045,550,125,20.42217423603971
North Asia,Binders,14670.57,2906.79,746,185,19.813749568012696
Central Asia,Supplies,14549.28,2648.85,496,119,18.206055557388407
North Asia,Paper,14189.805,3031.935,544,136,21.366995529536876
EMEA,Supplies,14151.264,996.5640000000001,546,214,7.0422260513265815
North Asia,Envelopes,13852.41,3421.23,538,129,24.69772407833727
Africa,Paper,13499.487,2063.007,532,184,15.282114053667373
Africa,Supplies,13263.426,1037.946,548,208,7.825625143910781
Central Asia,Binders,12291.315,2767.125,705,172,22.512847486212824
Southeast Asia,Envelopes,11690.811599999999,-1641.1284,675,171,-14.03776278457862
Southeast Asia,Paper,11382.7764,-1859.0136,642,162,-16.331811630772258
Central Asia,Envelopes,10910.625,2182.095,423,110,19.999725038666437
Central Asia,Art,10825.86,2172.33,380,103,20.066119458407922
East,Supplies,10760.116,-1155.1352,195,55,-10.7353415149056
Canada,Storage,10587.3,2912.43,118,46,27.508713269672153
EMEA,Envelopes,10579.527,810.837,486,221,7.664208428221792
EMEA,Paper,10251.66,887.3399999999999,449,200,8.655573829018909
Caribbean,Furnishings,10165.612,-1205.488,385,90,-11.85848918884569
Canada,Phones,10085.61,2679.87,46,18,26.571223753446738
North,Fasteners,9985.417,1830.347,977,242,18.330200932019164
Africa,Envelopes,9687.981,1517.631,425,193,15.665090590082704
West,Art,9212.066,2374.097,926,227,25.77160215743135
South,Labels,9166.146,2258.6783,1201,300,24.641526547798822
South,Fasteners,9106.602,1479.2241,1068,288,16.24342537425046
Oceania,Fasteners,8848.5,774.36,733,201,8.751313781996949
Caribbean,Binders,8463.584,1145.204,688,157,13.530958043306473
Canada,Appliances,7940.429999999999,2233.98,30,15,28.134244618994188
Oceania,Labels,7551.6720000000005,1157.712,893,223,15.330538720431713
East,Art,7485.764,1899.9442999999999,849,209,25.380766746052906
Canada,Copiers,7465.53,2663.6400000000003,29,11,35.67918151825792
North Asia,Fasteners,7297.35,1480.23,569,132,20.284486834261752
Caribbean,Supplies,7224.976,1378.116,392,103,19.074333257300786
Caribbean,Paper,7185.604,1292.104,407,108,17.98184258414463
North,Labels,6992.385,1426.035,949,234,20.394114454510156
EMEA,Fasteners,6351.15,945.09,551,227,14.880612172598665
Caribbean,Envelopes,6341.28,993.88,382,103,15.673176393409532
Southeast Asia,Fasteners,6249.6579,-1602.3021,722,170,-25.638236934536852
Caribbean,Art,6083.808,963.528,318,79,15.837580673157339
Africa,Fasteners,5815.197,854.097,502,209,14.687327015748563
Canada,Bookcases,5734.0199999999995,1342.53,32,13,23.41341676520138
Central Asia,Fasteners,5701.68,1025.1,428,109,17.97891147872206
North Asia,Labels,5165.295,1299.765,540,142,25.163422418274273
Caribbean,Machines,5164.498,-2603.6620000000003,100,26,-50.41461919435346
Southeast Asia,Labels,5087.613,-870.357,838,187,-17.107374322693175
West,Labels,5078.726,2303.1223,480,112,45.348425963519205
Africa,Labels,4880.214,785.994,556,213,16.10572815044586
Central Asia,Labels,4518.465,896.085,496,117,19.831624235221472
Canada,Accessories,4473.21,1295.31,42,18,28.95705768340856
East,Envelopes,4375.874,1812.4089999999999,267,73,41.418217252142085
Canada,Machines,4274.46,607.8,25,13,14.219339986805348
Canada,Art,4119.54,913.35,129,54,22.17116474169446
West,Envelopes,4118.099999999999,1908.7624,227,66,46.35055972414464
EMEA,Labels,4093.383,390.873,511,200,9.548898795934806
Caribbean,Fasteners,3344.132,466.612,427,110,13.953157351444261
Canada,Chairs,3203.37,856.74,24,12,26.744959214826885
Canada,Binders,3089.34,786.18,132,57,25.448153974635357
East,Labels,2602.934,1129.28,420,100,43.384887976414305
Caribbean,Labels,2197.38,366.0,384,96,16.656199655953905
Canada,Paper,1519.53,373.86,54,17,24.6036603423427
Canada,Supplies,1309.56,297.09,41,15,22.686245761935307
West,Fasteners,923.216,275.1907,263,72,29.80783478622554
Canada,Tables,849.36,300.17999999999995,2,2,35.34190449279457
East,Fasteners,819.718,263.9908,298,60,32.205075403980395
Canada,Furnishings,808.53,113.79,20,15,14.073689287967053
Canada,Envelopes,567.1800000000001,171.18,25,10,30.18089495398286
Canada,Fasteners,479.46,140.13,35,18,29.226629958703544
Canada,Labels,421.74,129.33,49,23,30.66581306017926
